Berita,Label,Category_id
"['perkosa', 'anak', 'kandung', 'pria', 'dompu', 'tangkap', 'pria', 'inisial', 'am', 'kabupaten', 'dompu', 'nusa', 'tenggara', 'barat', 'ntb', 'tangkap', 'duga', 'perkosa', 'anak', 'kandung', 'tangkap', 'polisi', 'lapor', 'warga', 'kasi', 'humas', 'polres', 'dompu', 'ipda', 'zuharis', 'am', 'tangkap', 'rumah', 'tangkap', 'am', 'polisi', 'malam', 'iya', 'tangkap', 'malam', 'rabu', 'zuharis', 'detikbali', 'kamis', 'zuharis', 'rinci', 'kronologi', 'aksi', 'bejat', 'pria', 'sebut', 'tugas', 'susun', 'lapor', 'tunggu', 'lapor', 'lengkap', 'ya', 'salah', 'warga', 'rumah', 'korban', 'ahmad', 'tangkap', 'am', 'warga', 'heboh', 'warga', 'geram', 'am', 'tega', 'buat', 'asusila', 'anak', 'kandung', 'heboh', 'malam', 'warga', 'kerumun', 'cepat', 'aman', 'polisi', 'laku', 'am', 'milik', 'orang', 'anak', 'perempuan', 'aksi', 'bejat', 'am', 'rumahnyaada', 'anak', 'istri', 'habis', 'pikir', 'jadi']",keluarga,0
"['pria', 'cabul', 'anak', 'lelaki', 'rumdis', 'wabup', 'langkat', 'adik', 'anggota', 'dprd', 'pria', 'inisial', 'zs', 'lapor', 'leceh', 'seksual', 'cabul', 'anak', 'lelaki', 'rumah', 'dinas', 'rumdis', 'wakil', 'bupati', 'langkat', 'adik', 'anggota', 'dprd', 'langkat', 'polisi', 'proses', 'lapor', 'korbaniya', 'adik', 'zs', 'f', 'anggota', 'dprd', 'langkat', 'detiksumut', 'jumat', 'lindung', 'zs', 'proses', 'hukum', 'dukung', 'buat', 'zs', 'lindung', 'dukung', 'buat', 'biar', 'proses', 'hukum', 'jalan', 'aku', 'serah', 'zs', 'wajib', 'ada', 'zs', 'lacak', 'ada', 'adik', 'ada', 'lacak', 'berita', 'kasat', 'reskrim', 'polres', 'langkat', 'akp', 'dedi', 'mirza', 'korban', 'usia', 'lapor', 'kait', 'jadi', 'alami', 'korban', 'polres', 'langkat', 'jadi', 'ya', 'terima', 'lapor', 'desember', 'dedi', 'detiksumut', 'kamis', 'korban', 'lapor', 'dedi', 'langsung', 'lidi', 'polisi', 'ecek', 'jadi', 'perkara', 'tkp', 'periksa', 'korban', 'saksi', 'saksi', 'periksa', 'inti', 'korban', 'alami', 'leceh', 'keras', 'seksual', 'rumah', 'dinas', 'wakil', 'bupati', 'langkat', 'kosong', 'situ', 'tetap', 'sangka', 'aku', 'laku', 'tangkap', 'tahap', 'tetap', 'sangka', 'pasti', 'laku', 'buru', 'samping', 'korban', 'traumatik', 'damping', 'instansi', 'kait', 'trauma', 'healing', 'buka', 'korban', 'lapor', 'pasti', 'proses', 'korban', 'tutup']",orang asing,4
"['muncul', 'klarifikasi', 'duga', 'salur', 'pengasuh', 'anak', 'aghnia', 'punjabi', 'damping', 'aniaya', 'baby', 'sitter', 'timpa', 'jana', 'amira', 'priyanka', 'akrab', 'sapa', 'cana', 'anak', 'perempuan', 'selebgram', 'malang', 'emy', 'aghnia', 'siksa', 'aghnia', 'jam', 'unggah', 'aghnia', 'aku', 'ambil', 'pengasuh', 'salur', 'kenal', 'surabaya', 'aghnia', 'sebut', 'gamblang', 'nama', 'salur', 'tersebutkini', 'muncul', 'unggah', 'kait', 'klarifikasi', 'duga', 'salur', 'baby', 'sitter', 'timpa', 'emyaghnia', 'putri', 'cana', 'val', 'the', 'consultant', 'maaf', 'menyesalkn', 'jadi', 'tulis', 'akun', 'instagram', 'valthe', 'consultant', 'kutip', 'sabtu', 'salur', 'lanjut', 'toleransi', 'bentuk', 'keras', 'asuh', 'anak', 'jadi', 'coreng', 'salah', 'nilai', 'milik', 'usaha', 'tanam', 'layan', 'jadi', 'rugi', 'citra', 'ribu', 'kerja', 'usaha', 'gerak', 'bidang', 'sedia', 'titip', 'anak', 'dukung', 'selesai', 'bantu', 'proses', 'hukum', 'mesti', 'usaha', 'salur', 'tulis', 'pengasuh', 'anak', 'sejati', 'percaya', 'andal', 'orang', 'tua', 'anak', 'rumah', 'kerja', 'jalan', 'tugas', 'laku', 'hati', 'senantiasa', 'pegang', 'teguh', 'prinsip', 'hal', 'ibadah', 'stop', 'child', 'abuse', 'hormat', 'manajemen', 'pt', 'val', 'konsultan', 'indonesia', 'nyata', 'klarifikasi', 'unggah', 'feed', 'instagram', 'pantau', 'tutup', 'kolom', 'komentar', 'usaha', 'unggah', 'nyata', 'singkat', 'instagram', 'stories', 'emy', 'aghnia', 'heboh', 'media', 'sosial', 'akibat', 'siksa', 'putri', 'babak', 'bur', 'aniaya', 'subuh', 'pintu', 'kamar', 'kunci', 'rapat', 'sang', 'anak', 'lari', 'kejar', 'aniaya', 'anak', 'aghnia', 'tindih', 'badan', 'siram', 'cair', 'minyak', 'kutuskutus', 'aghnia', 'sebut', 'polisi', 'tega', 'hasil', 'rekam', 'cctv', 'aniaya', 'henti', 'cana', 'alami', 'luka', 'lebam', 'tubuh', 'mata', 'bengkak', 'buka', 'normal']",pengasuh,1
"['heboh', 'video', 'gadis', 'ditelanjangidipukul', 'laku', 'tangkap', 'video', 'abg', 'usia', 'telanjang', 'aniaya', 'wanita', 'dewasa', 'heboh', 'media', 'sosial', 'polisi', 'aman', 'laku', 'aniaya', 'jadi', 'aniaya', 'palu', 'sulawesi', 'sulteng', 'video', 'unggah', 'media', 'sosial', 'x', 'akun', 'langit', 'akun', 'ig', 'hillarybrigittadalam', 'video', 'edar', 'wanita', 'diblur', 'kondisi', 'telanjang', 'orang', 'wanita', 'korban', 'aku', 'cepat', 'wanita', 'pukul', 'korban', 'videotampak', 'korban', 'angkat', 'tangan', 'pukul', 'wanita', 'gaun', 'cokelat', 'tendang', 'korbankorban', 'daya', 'seret', 'wanita', 'masuk', 'kamar', 'situ', 'korban', 'pukul', 'tendang', 'kasubbid', 'penmas', 'bidhumas', 'polda', 'sulteng', 'kompol', 'sugeng', 'lestari', 'aniaya', 'rumah', 'lurah', 'tatura', 'selatan', 'camat', 'palu', 'selatan', 'maret', 'sebut', 'personel', 'polresta', 'palu', 'lokasi', 'jadi', 'perkara', 'tkpsudah', 'respons', 'polresta', 'palu', 'tkp', 'rabu', 'mei', 'kemarin', 'terang', 'laku', 'wanita', 'inisial', 'ig', 'vs', 'telanjang', 'pukul', 'gadis', 'abg', 'tangkap', 'tahan', 'tahan', 'laku', 'orang', 'kasubsi', 'pidm', 'humas', 'polresta', 'palu', 'aiptu', 'kadek', 'aruna', 'detikcom', 'kamis', 'kadek', 'sidik', 'ppa', 'satreskrim', 'polresta', 'palu', 'periksa', 'orang', 'saksi', 'aniaya', 'beber', 'aniaya', 'rumah', 'spa', 'kota', 'palulokasi', 'jadi', 'spa', 'bater', 'play', 'kota', 'palu', 'terang']",orang asing,4
"['satria', 'mahathir', 'cogil', 'sangka', 'keroyok', 'anak', 'anggota', 'dprd', 'kepri', 'seleb', 'tiktok', 'satria', 'mahathir', 'cogil', 'tetap', 'sangka', 'satreskrim', 'polresta', 'barelang', 'duga', 'keroyok', 'anak', 'anggota', 'dprd', 'kepri', 'rekan', 'pantau', 'detiksumut', 'jumat', 'satria', 'kena', 'baju', 'tahan', 'warna', 'oranye', 'satria', 'giring', 'tugas', 'polisi', 'rekan', 'konferensi', 'pers', 'gelar', 'satreskrim', 'polresta', 'barelang', 'satria', 'tunduk', 'hadir', 'konferensi', 'pers', 'konferensi', 'pers', 'awak', 'media', 'satria', 'takut', 'takut', 'giring', 'ruang', 'tahan', 'polresta', 'barelang', 'jumat', 'kasat', 'reskrim', 'polresta', 'barelang', 'kompol', 'dwi', 'ramadhanto', 'konfirmasi', 'benar', 'tangkap', 'sebut', 'seleb', 'tiktok', 'aman', 'rekan', 'aman', 'orang', 'inisial', 'sm', 'as', 'dj', 'rs', 'keroyok', 'kompol', 'ramadhanto', 'kamis', 'ramadhanto', 'sebut', 'keroyok', 'korban', 'inisial', 'ra', 'tanggal', 'desember', 'nongkrong', 'kafe', 'kawasan', 'tiban', 'kupang', 'batam', 'korban', 'senggol', 'seleb', 'tiktok', 'korban', 'laku', 'senggol', 'kelahi', 'kafe', 'kafe', 'ramadanto', 'sebut', 'laku', 'inisial', 'sm', 'selebgram', 'tiktok', 'warga', 'jakarta', 'batam', 'hadir', 'giat', 'gelar', 'kafe', 'kawasan', 'tiban', 'batam', 'info', 'laku', 'selebgram', 'tiktok', 'dalam', 'laku', 'jakarta', 'hadir', 'hadir', 'giat', 'lengkap', 'besok']",teman,3
"['yasin', 'ringkus', 'lapor', 'istri', 'perkosa', 'anak', 'tiri', 'umur', 'tani', 'mus', 'rawas', 'utara', 'mura', 'nama', 'm', 'yasin', 'alias', 'my', 'tangkap', 'polisi', 'tega', 'perkosa', 'anak', 'tiri', 'inisial', 'b', 'laku', 'tangkap', 'lapor', 'istri', 'ym', 'kapolres', 'mura', 'akbp', 'andi', 'supriadi', 'benar', 'aman', 'my', 'laku', 'aman', 'unit', 'ppa', 'satreskrim', 'polres', 'mura', 'periksa', 'iya', 'laku', 'aman', 'konfirmasi', 'detiksumbagsel', 'senin', 'tangkap', 'my', 'dasar', 'lapor', 'istri', 'korban', 'rabu', 'lapor', 'perkosa', 'my', 'kamar', 'rumah', 'korban', 'desa', 'tegal', 'rejo', 'camat', 'tugumulyo', 'barubaru', 'lapor', 'anggota', 'lidi', 'kumpul', 'alat', 'bukti', 'tangkap', 'laku', 'lawan', 'aman', 'lapor', 'kantor', 'polisi', 'my', 'duga', 'lari', 'aman', 'keluarga', 'kades', 'my', 'serah', 'polisi', 'mempertanggungjawabkan', 'buat', 'laku', 'aku', 'tindak', 'pidana', 'tubuh', 'anak', 'umur', 'korban', 'sangkut', 'periksa', 'my', 'ancam', 'pasal', 'uu', 'ri', 'nomor', 'tetap', 'atur', 'perintah', 'anti', 'uu', 'ri', 'nomor', 'ubah', 'uu', 'ri', 'nomor', 'lindung', 'anak']",keluarga,0
"['viral', 'ayah', 'probolinggo', 'banting', 'anak', 'perempuan', 'video', 'aniaya', 'viral', 'media', 'sosial', 'video', 'aniaya', 'duga', 'ayah', 'anak', 'perempuan', 'pinggir', 'jalan', 'rayadalam', 'video', 'durasi', 'detik', 'lelaki', 'tarik', 'anak', 'perempuan', 'motor', 'pria', 'pukul', 'berkalikali', 'anak', 'perempuan', 'pria', 'lokasi', 'perempuan', 'duga', 'istri', 'korban', 'korban', 'gendong', 'anak', 'terang', 'video', 'lokasi', 'jadi', 'pos', 'sabhara', 'polres', 'probolinggo', 'kota', 'jalan', 'panglima', 'sudirman', 'lurah', 'jati', 'camat', 'mayang', 'supriyadi', 'warga', 'aniaya', 'kamis', 'malam', 'suara', 'jerit', 'tangis', 'anak', 'perempuan', 'dengar', 'jauh', 'pasang', 'suamiistri', 'bawa', 'anak', 'anak', 'umur', 'tahun', 'henti', 'pos', 'sabhara', 'polres', 'probolinggo', 'kota', 'kondisi', 'si', 'anak', 'menang', 'supriyadi', 'jumat', 'supriyadi', 'persis', 'sebab', 'aniaya', 'dekat', 'pria', 'perempuan', 'duga', 'orang', 'tua', 'korban', 'langsung', 'lanjut', 'jalan', 'supriyadi', 'aksi', 'aniaya', 'rekam', 'keponakan', 'edar', 'viral', 'aniaya', 'nilai', 'harap', 'polisi', 'usut', 'keponakan', 'rekam', 'lapor', 'anak', 'pukul', 'ayah', 'banting', 'moga', 'laku', 'cepat', 'ketemu', 'proses', 'wajib', 'kasihan', 'anak', 'supriyadi']",keluarga,0
"['video', 'keras', 'murid', 'smp', 'cilacap', 'polisi', 'kelahi', 'anggota', 'basis', 'potong', 'video', 'durasi', 'detik', 'kelahi', 'siswa', 'smp', 'cilacap', 'edar', 'media', 'sosial', 'polisi', 'sebut', 'laku', 'kelahi', 'samasama', 'anggota', 'basis', 'baris', 'siswa', 'kelompok', 'libat', 'video', 'rundung', 'cilacap', 'laku', 'top', 'inisial', 'm', 'w', 'plus', 'video', 'inisial', 'k', 'basis', 'cuman', 'video', 'k', 'rekam', 'periksa', 'mukulin', 'kasat', 'reskrim', 'polresta', 'cilacap', 'kompol', 'guntar', 'arif', 'setyoko', 'pesan', 'singkat', 'jumat', 'guntar', 'dalam', 'polisi', 'beda', 'motif', 'dasar', 'kelahi', 'kelahi', 'dalam', 'beda', 'anakanak', 'video', 'jadi', 'senin', 'samasama', 'anggota', 'basis', 'ujarnyaguntar', 'sebut', 'jadi', 'korban', 'inisial', 'r', 'video', 'tantang', 'siswa', 'kelas', 'siswa', 'kelas', 'adu', 'kakak', 'kelas', 'kronologi', 'siswa', 'kelas', 'ngadu', 'kakak', 'kelas', 'ditantangin', 'korban', 'inisial', 'r', 'diaduin', 'dipukulin', 'teman', 'guntar', 'berita', 'rundung', 'aniaya', 'libat', 'siswa', 'smp', 'kabupaten', 'cilacap', 'sorot', 'edar', 'video', 'aksi', 'keras', 'ajar', 'lokasi', 'video', 'polisi', 'sebut', 'kasus', 'bullying', 'perundunganberkelahi', 'video', 'potong', 'adegan', 'korban', 'mbales', 'balas', 'guntar', 'arif', 'setyoko', 'konfirmasi', 'detikjateng', 'via', 'whatsapp', 'jumat', 'pagi', 'guntar', 'benar', 'lokasi', 'video', 'keras', 'edar', 'kali', 'lokasi', 'video', 'keras', 'ajar', 'iya', 'lokasi', 'camat', 'cimanggu', 'jadi', 'senin', 'terang', 'jumat', 'pagi']",teman,3
"['guruortu', 'bikin', 'petisi', 'kepala', 'sma', 'aru', 'duga', 'cabul', 'siswa', 'copot', 'kepala', 'sma', 'pulau', 'aru', 'malu', 'duga', 'cabul', 'siswa', 'sorot', 'guru', 'orang', 'tua', 'siswa', 'menandatangani', 'petisi', 'pj', 'gubernur', 'malu', 'sadali', 'ie', 'copot', 'oknum', 'kepala', 'sekolah', 'inisial', 'wd', 'jabat', 'pindah', 'total', 'guru', 'orang', 'tua', 'korban', 'korban', 'menandatangani', 'petisi', 'pj', 'gubernur', 'malu', 'ganti', 'kepala', 'sma', 'inisial', 'wd', 'duga', 'cabul', 'siswa', 'wakil', 'kepala', 'sma', 'bidang', 'sarana', 'prasarana', 'martha', 'mantayborbir', 'detikcom', 'sebut', 'alas', 'guru', 'tanda', 'tangan', 'petisi', 'minggu', 'upaya', 'selamat', 'dunia', 'didik', 'kabupaten', 'pulau', 'aru', 'alas', 'coreng', 'nama', 'tenaga', 'pendidik', 'guru', 'pukul', 'jadi', 'duga', 'wd', 'cabul', 'siswa', 'berani', 'menandatangani', 'petisi', 'selamat', 'dunia', 'didik', 'adil', 'korban', 'duga', 'buat', 'wd', 'coreng', 'nama', 'tenaga', 'pendidik', 'timbang', 'wd', 'ganti', 'pindah', 'sma', 'sanksi', 'martha', 'nonaktif', 'ganggu', 'psikologi', 'korban', 'wd', 'sanksi', 'ganti', 'kepala', 'sma', 'pindah', 'tugas', 'sekolah', 'ganggu', 'psikologi', 'siswa', 'guru', 'aktivitas', 'nyaman', 'harapnyalebih', 'beber', 'korban', 'anak', 'guru', 'guru', 'duga', 'leceh', 'wd', 'pilih', 'wd', 'ganti', 'duga', 'cabul', 'siswa', 'sangkut', 'leceh', 'guru', 'anak', 'korban', 'kapolda', 'malu', 'kapolres', 'pulau', 'aru', 'proses', 'hukum', 'wd', 'lapor', 'siswa', 'harap', 'total', 'guru', 'sma', 'guru', 'asn', 'honorer', 'menandatangani', 'petisi', 'guru', 'dua', 'guru', 'berita', 'siswa', 'masingmasing', 'inisial', 'mcj', 'mcw', 'od', 'lapor', 'wd', 'spkt', 'polres', 'pulau', 'aru', 'kait', 'duga', 'cabul', 'wd', 'lancar', 'aksi', 'bejat', 'ruang', 'juli', 'september', 'kepsek', 'sma', 'lapor', 'duga', 'cabul', 'siswa', 'kasubsi', 'penmas', 'humas', 'polres', 'pulau', 'aru', 'bripka', 'yubilino', 'sahertian', 'detikcom', 'jumat']",tenaga pendidik,2
"['polisi', 'periksa', 'duga', 'laku', 'rundung', 'anak', 'balikpapan', 'polisi', 'selidik', 'jadi', 'viral', 'rundung', 'bullying', 'kelompok', 'anak', 'keras', 'fisik', 'anak', 'kawasan', 'balikpapan', 'kalimantan', 'timur', 'orang', 'duga', 'laku', 'rundung', 'periksa', 'polisi', 'orang', 'duga', 'libat', 'peran', 'dalam', 'kadiv', 'humas', 'polda', 'kalimantan', 'timur', 'kombes', 'yusuf', 'sutejo', 'wartawan', 'minggu', 'yusuf', 'laku', 'anak', 'hadap', 'hukum', 'abh', 'terang', 'turut', 'tindak', 'cari', 'benar', 'jadi', 'rundung', 'stakeholder', 'kait', 'kumpul', 'polresta', 'balikpapan', 'ambil', 'terang', 'ucapnyaadapun', 'pihakpihak', 'periksa', 'duga', 'laku', 'kadisdik', 'kota', 'balikpapan', 'kepala', 'sekolah', 'wakil', 'guru', 'korbanpelaku', 'sekolah', 'dinas', 'daya', 'perempuan', 'lindung', 'anak', 'keluarga', 'rencana', 'dpakb', 'kota', 'balikpapan', 'orang', 'tua', 'korban', 'laku', 'yusuf', 'sebut', 'belah', 'sepakat', 'damai', 'jadi', 'tangan', 'polresta', 'balikpapan', 'masalah', 'serah', 'polresta', 'balikpapan', 'tangan', 'pantau', 'kembang', 'dinas', 'didik', 'dpakb', 'kota', 'balikpapan', 'video', 'aksi', 'rundung', 'bullying', 'kelompok', 'anak', 'keras', 'fisik', 'viral', 'media', 'sosial', 'aksi', 'narasi', 'kawasan', 'balikpapan', 'kalimantan', 'timur', 'video', 'viral', 'detikcom', 'minggu', 'korban', 'kena', 'baju', 'merah', 'pukul', 'banting', 'ganti', 'orang', 'kena', 'seragam', 'pramuka', 'korban', 'duduk', 'kursi', 'jatuh', 'lantai', 'tindak', 'keras', 'berkalikali', 'korban', 'menang', 'rintih', 'alami', 'jadi', 'tersebutkadiv', 'humas', 'polda', 'kalimantan', 'timur', 'kombes', 'pol', 'yusuf', 'sutejo', 'benar', 'jadi', 'rundung', 'yusuf', 'jadi', 'sabtu', 'masjid', 'kawasan', 'balikpapan', 'utara', 'lokasi', 'jadi', 'tpa', 'masjid', 'darussalam', 'balikpapan', 'utara', 'yusuf', 'konfirmasi', 'minggu']",teman,3
"['ayah', 'tega', 'aniaya', 'anak', 'bogor', 'laku', 'dalih', 'korban', 'rewel', 'polisi', 'tangkap', 'ayah', 'kandung', 'viral', 'aniaya', 'anak', 'perempuan', 'parung', 'bogor', 'jawa', 'barat', 'laku', 'dalih', 'emosi', 'anak', 'rewel', 'aku', 'korban', 'aniaya', 'informasi', 'rewel', 'sih', 'alas', 'si', 'laku', 'rewel', 'aniaya', 'kasat', 'reskrim', 'polres', 'bogor', 'akp', 'teguh', 'mara', 'minggu', 'teguh', 'laku', 'tahan', 'polres', 'bogor', 'sabtu', 'sidik', 'dalam', 'terang', 'laku', 'kait', 'buat', 'kemarin', 'jam', 'wib', 'laku', 'serah', 'polres', 'bogor', 'aman', 'polres', 'bogor', 'dalam', 'dalam', 'kait', 'terang', 'saksi', 'peran', 'aniaya', 'duga', 'ayah', 'kandung', 'teguh', 'viral', 'media', 'sosial', 'anak', 'perempuan', 'duga', 'korban', 'aniaya', 'orang', 'tua', 'bogor', 'jawa', 'barat', 'polisi', 'tangkap', 'laku', 'aniaya', 'sangkut', 'luka', 'lebam', 'bekas', 'pukul', 'ya', 'pukul', 'benda', 'tumpul', 'teguh', 'video', 'viral', 'anak', 'perempuan', 'narasi', 'korban', 'aniaya', 'orang', 'tua', 'luka', 'memar', 'punggung', 'pundakbekasbekas', 'luka', 'bentuk', 'garis', 'panjang', 'titik', 'pundak', 'bekas', 'luka', 'merah']",keluarga,0
"['ayah', 'gorok', 'anak', 'tidur', 'laku', 'kabur', 'pria', 'inisial', 'a', 'tangkap', 'polisi', 'bunuh', 'anak', 'usia', 'laku', 'bunuh', 'anak', 'gorok', 'tidurperistiwa', 'camat', 'ciomas', 'kabupaten', 'serang', 'banten', 'laku', 'jalan', 'mapolresta', 'serang', 'kotainisial', 'a', 'tega', 'bunuh', 'anak', 'kandung', 'tidur', 'laku', 'tangkap', 'bawa', 'mapolresta', 'serang', 'kota', 'iya', 'jadi', 'jam', 'an', 'kapolsek', 'ciomas', 'iptu', 'fridy', 'romadhon', 'fridy', 'sebut', 'korban', 'tewas', 'bunuh', 'ayah', 'usia', 'a', 'kabur', 'bunuh', 'anak', 'tangkap', 'bawa', 'polres', 'laku', 'bunuh', 'gorok', 'leher', 'korban', 'senjata', 'raja', 'polisi', 'motif', 'bunuh', 'motif', 'ya', 'halusinasihalusinasi', 'iya', 'sembelih', 'tidur']",keluarga,0
"['anak', 'sunan', 'kalijaga', 'izin', 'pulang', 'rs', 'korban', 'bully', 'sean', 'putra', 'sunan', 'kalijaga', 'aktivitas', 'mendapata', 'rundung', 'siswa', 'sekolah', 'kondisi', 'ungkap', 'sunan', 'kalijaga', 'hasil', 'ct', 'scan', 'sang', 'anak', 'alhamdulillah', 'sean', 'aktivitas', 'syukur', 'alhamdulillah', 'sunan', 'kalijaga', 'studio', 'trans', 'tv', 'berita', 'detikcom', 'selasa', 'sean', 'hasil', 'ct', 'scan', 'rawat', 'jalan', 'kemarin', 'dokter', 'kasih', 'obat', 'pulang', 'luka', 'fisik', 'alami', 'sang', 'anak', 'salah', 'satu', 'mata', 'kanan', 'akibat', 'pukul', 'rundung', 'mata', 'belah', 'kanan', 'pukul', 'keluh', 'sean', 'mata', 'kepala', 'sean', 'pukul', 'betulbetul', 'khawatir', 'sunan', 'sang', 'anak', 'pulang', 'aktivitas', 'sunan', 'kalijaga', 'aku', 'sepakat', 'sang', 'istri', 'dukung', 'sean', 'aktivitas', 'rumah', 'istri', 'sepakat', 'rumah', 'kamar', 'aktivitas', 'lupa', 'jadi', 'basket', 'sekolah', 'sunan', 'kalijaga', 'orang', 'tua', 'anak', 'bullyan', 'keras', 'rumah', 'protect', 'rumah', 'anak', 'giat', 'support', 'aja', 'trauma', 'beber']",teman,3
"['sebab', 'bu', 'guru', 'cianjur', 'duga', 'siswa', 'nasib', 'ungkap', 'kondisi', 'psikis', 'korban', 'ungkap', 'nasib', 'oknumgurusmancianjuryangpukulsiswanasib', 'oknum', 'guru', 'sma', 'negeri', 'cianjur', 'jawabarat', 'henti', 'jalan', 'periksa', 'duga', 'keras', 'siswa', 'oknum', 'guru', 'inisial', 'sm', 'henti', 'aktivitas', 'ajar', 'duga', 'tindak', 'keras', 'siswa', 'putus', 'ambil', 'dinas', 'didik', 'provinsi', 'jawa', 'barat', 'kantor', 'cabang', 'wilayah', 'v', 'gelar', 'rapat', 'tutup', 'sman', 'cianjur', 'jumat', 'kepala', 'kantor', 'cabang', 'dinas', 'didik', 'provinsi', 'jawa', 'barat', 'wilayah', 'v', 'nonongwinarni', 'hasil', 'rapat', 'kordinasi', 'simpul', 'jadi', 'video', 'edar', 'simpul', 'pukul', 'anak', 'guru', 'sangkut', 'lapor', 'dinaspendidikan', 'provinsi', 'jawa', 'barat', 'ditindaklanjuti', 'nonong', 'sman', 'cianjur', 'jumat', 'konsekuensi', 'tindak', 'sm', 'sanksi', 'tugas', 'jam', 'ajar', 'batas', 'tempat', 'bidangbidang', 'kegiatankegiatan', 'sentuh', 'hubung', 'anak', 'diaada', 'faktor', 'melatarbelakangi', 'tindak', 'sm', 'picu', 'singgung', 'singgung', 'salah', 'paham', 'sikap', 'singgung', 'guru', 'anak', 'singgung', 'salah', 'paham', 'muncul', 'nonong', 'kondisi', 'psikis', 'korban', 'kendati', 'syok', 'jadi', 'rekam', 'video', 'edar', 'luas', 'viral', 'media', 'sosial', 'siswa', 'mental', 'bagus', 'atlet', 'silat', 'ekskul', 'silat', 'ya', 'berita', 'hubung', 'lainlain', 'wajar', 'anak', 'terkagetkaget', 'imbuh', 'kepala', 'sma', 'negeri', 'cianjur', 'harum', 'taufik', 'sm', 'guru', 'mata', 'ajar', 'matematika', 'jadi', 'ajar', 'kelas', 'xi']",tenaga pendidik,2
"['astri', 'culik', 'anak', 'majikan', 'bandung', 'rp', 'juta', 'bui', 'astri', 'fauziah', 'asisten', 'rumah', 'tangga', 'art', 'kota', 'bandung', 'tangkap', 'polisi', 'gegara', 'culik', 'anak', 'majikan', 'astri', 'uang', 'tebus', 'rp', 'juta', 'aksi', 'culi', 'astri', 'november', 'rumah', 'majikan', 'kawasan', 'cikutra', 'bandung', 'bawa', 'kabur', 'balita', 'usia', 'aksi', 'culi', 'astri', 'pacar', 'nama', 'ganjar', 'kejar', 'polisi', 'kapolrestabes', 'bandung', 'kombes', 'budi', 'sartono', 'culi', 'astri', 'duga', 'lilit', 'utang', 'nekat', 'culik', 'balita', 'majikan', 'sangka', 'culik', 'anak', 'majikan', 'nama', 'ka', 'bekerjasama', 'pacar', 'g', 'bawa', 'november', 'wib', 'budi', 'rabu', 'bawa', 'kabur', 'anak', 'majikan', 'astri', 'angkut', 'kota', 'jurus', 'ledeng', 'jalan', 'setiabudi', 'astri', 'temu', 'pacar', 'ganjar', 'lanjut', 'jalan', 'sepeda', 'motor', 'daerah', 'parongpong', 'kabupaten', 'bandung', 'baratdisana', 'astri', 'beli', 'kartu', 'sim', 'hubung', 'majikan', 'astri', 'uang', 'tebus', 'rp', 'juta', 'kembali', 'balita', 'culik', 'majikan', 'korban', 'turun', 'harga', 'rp', 'juta', 'sangka', 'rp', 'juta', 'orang', 'tua', 'majikan', 'rp', 'juta', 'budi', 'uang', 'tebus', 'astri', 'ganjar', 'bawa', 'anak', 'majikan', 'rumah', 'gang', 'wilayah', 'cikutra', 'anak', 'majikan', 'turun', 'langsung', 'kabur', 'lari', 'anak', 'temu', 'wib', 'anggota', 'linmas', 'korban', 'menang', 'untung', 'korban', 'bicara', 'rumah', 'antar', 'rumah', 'orang', 'tua', 'budi', 'jadi', 'orang', 'tua', 'korban', 'lapor', 'polisi', 'telusur', 'astri', 'ciduk', 'rumah', 'wilayah', 'kbb', 'astri', 'jerat', 'pasal', 'jo', 'pasal', 'f', 'undangundang', 'nomor', 'lindung', 'anak', 'ancam', 'hukum', 'maksimal', 'kurung', 'penjara']",pengasuh,1
"['polisi', 'banting', 'anak', 'jaksel', 'temperamental', 'obat', 'rsj', 'polisi', 'ungkap', 'kondisi', 'wanita', 'jagakarsa', 'jakarta', 'selatan', 'inisial', 'ty', 'banting', 'anak', 'usia', 'tewas', 'terang', 'saksi', 'laku', 'temperamental', 'kerap', 'parah', 'anak', 'iya', 'terang', 'saksi', 'kali', 'banting', 'anak', 'temperamen', 'laku', 'inisial', 'ty', 'kasar', 'anak', 'dalam', 'kasat', 'reskrim', 'polres', 'metro', 'jakarta', 'selatan', 'akbp', 'bintoro', 'hubung', 'rabu', 'bintoro', 'saksi', 'warga', 'ty', 'jalan', 'obat', 'rumah', 'sakit', 'jiwa', 'kawasan', 'jakarta', 'selatan', 'iya', 'menang', 'sangkut', 'informasi', 'terang', 'saksi', 'obat', 'rumah', 'sakit', 'jiwa', 'daerah', 'darmawangsa', 'peristiwa', 'minggu', 'jagakarsa', 'jakarta', 'selatan', 'korban', 'nyata', 'tinggal', 'hari', 'telah', 'jalan', 'awat', 'rumah', 'sakitpolisi', 'ungkap', 'kondisi', 'balita', 'usia', 'tewas', 'banting', 'kandung', 'inisial', 'ty', 'jagakarsa', 'jakarta', 'selatan', 'hasil', 'terang', 'dokter', 'korban', 'alami', 'gegar', 'otak', 'iya', 'alami', 'gegar', 'otak', 'alami', 'benjol', 'kepala', 'kasat', 'reskrim', 'polres', 'metro', 'jakarta', 'selatan', 'akbp', 'bintoro', 'hubung', 'rabu', 'sebab', 'mati', 'korban', 'keluarga', 'tolak', 'autopsi', 'korban', 'minta', 'hasil', 'visum', 'sangkut', 'cuman', 'kendala', 'keluarga', 'lapor', 'eyang', 'keluarga', 'berat', 'autopsi', 'sebab', 'tinggal', 'inti', 'sangkut', 'alami', 'keras', 'fisik', 'aniaya', 'banting', 'si', 'anak', 'korban', 'lantai', 'orang', 'bilang', 'ubin', 'lantai']",keluarga,0
"['fakta', 'baru', 'anak', 'cabul', 'ayah', 'kandung', 'kakak', 'paman', 'malang', 'nian', 'nasib', 'anak', 'perempuan', 'usia', 'surabaya', 'korban', 'cabul', 'keluarga', 'dekat', 'ayah', 'kandung', 'kakak', 'paman', 'aksi', 'cabul', 'korbananak', 'alami', 'trauma', 'dalam', 'sang', 'ibu', 'ungsi', 'gadis', 'malang', 'rumah', 'tegalsari', 'surabaya', 'rusunawa', 'nenek', 'tinggal', 'korban', 'ajar', 'kelas', 'smp', 'inisial', 'b', 'tinggal', 'keluarga', 'rumah', 'lantai', 'camat', 'tegalsari', 'rumah', 'huni', 'paman', 'bibi', 'saudara', 'sepupu', 'bibi', 'korban', 'sn', 'buat', 'cabul', 'ungkap', 'suami', 'mi', 'cecar', 'ayah', 'korban', 'me', 'mna', 'kakak', 'korban', 'desak', 'me', 'mna', 'terus', 'terang', 'tega', 'cabul', 'b', 'bapak', 'suka', 'pegang', 'payudara', 'tekan', 'apa', 'jawab', 'khilaf', 'mna', 'kali', 'pegang', 'payudara', 'malu', 'sn', 'temu', 'detikjatim', 'sabtu', 'desak', 'me', 'mna', 'sn', 'aku', 'desak', 'paman', 'korban', 'i', 'mr', 'paman', 'korban', 'nggak', 'sengaja', 'megang', 'payudara', 'canda', 'marah', 'buat', 'sambung', 'sn', 'bibi', 'korban', 'aku', 'marah', 'laku', 'dengar', 'aku', 'korban', 'korban', 'b', 'sn', 'paman', 'buat', 'bejat', 'hadap', 'ayah', 'kandung', 'ayah', 'saksi', 'anggap', 'bapake', 'canda', 'nggak', 'sambung', 'darah', 'sesal', 'niat', 'nakal', 'ya', 'beli', 'aja', 'snsn', 'jadi', 'kandung', 'korban', 'ar', 'langsung', 'bawa', 'putri', 'rumah', 'nenek', 'salah', 'rusunawa', 'surabaya', 'ar', 'lapor', 'suami', 'anak', 'lakilakinya', 'paman', 'korban', 'polisisn', 'sesal', 'keluarga', 'aku', 'b', 'korban', 'buat', 'puji', 'ayah', 'kakak', 'paman', 'keluarga', 'sibuk', 'jarang', 'kumpul', 'me', 'ayah', 'korban', 'kuli', 'bangun', 'tenaga', 'kontrak', 'pemkot', 'surabaya', 'mna', 'kakak', 'kandung', 'korban', 'jual', 'martabak', 'i', 'r', 'restoran', 'suami', 'sn', 'mi', 'paman', 'korban', 'korban', 'alami', 'trauma', 'akibat', 'buat', 'cabul', 'keluarga', 'ketemu', 'laku', 'nggak', 'hasil', 'runding', 'trauma', 'korban', 'istri', 'tutup', 'akses', 'temu', 'korban', 'mi', 'temu', 'detikjatim', 'sabtu', 'korban', 'larang', 'laku', 'temu', 'b', 'trauma', 'alami', 'korban', 'alami', 'trauma', 'b', 'lanjut', 'sekolah', 'atas', 'situasi', 'temanteman', 'guru', 'kemarin', 'bolos', 'panggil', 'polisi', 'periksa', 'sekolah', 'anak', 'tutup', 'luka', 'pendam', 'senyum', 'snpolisi', 'tangkap', 'empat', 'laku', 'terima', 'lapor', 'kandung', 'korban', 'laku', 'ayah', 'kandung', 'korban', 'me', 'kakak', 'kandung', 'korban', 'mna', 'orang', 'paman', 'korban', 'i', 'mr', 'empat', 'laku', 'ayah', 'kakak', 'paman', 'tetap', 'sangka', 'tahan', 'polisi', 'dalam', 'korban', 'alami', 'leceh', 'empat', 'sangka', 'jerat', 'pasal', 'uu', 'ri', 'nomor', 'tetap', 'perpu', 'uu', 'ri', 'nomor', 'ubah', 'uu', 'ri', 'nomor', 'lindung', 'anak', 'bibi', 'korban', 'sn', 'cerita', 'polisi', 'jemput', 'laku', 'rumah', 'senin', 'malam', 'empat', 'laku', 'cabul', 'jemput', 'kakak', 'kandung', 'korban', 'menang', 'risiko', 'nggak', 'lari', 'lari', 'ketemu', 'nggak', 'ringan', 'hukum', 'berat', 'pas', 'jemput', 'laku', 'kooperatif', 'mna', 'kakak', 'korban', 'nang']",keluarga,0
"['anak', 'perempuan', 'mojokerto', 'korban', 'tubuh', 'pacar', 'minggat', 'anak', 'perempuan', 'kota', 'mojokerto', 'korban', 'cabul', 'tubuh', 'pacar', 'masingmasing', 'korban', 'tubuh', 'minggat', 'rumahnyakepala', 'unit', 'layan', 'perempuan', 'anak', 'ppa', 'satreskrim', 'polres', 'mojokerto', 'iptu', 'dwi', 'ari', 'widiastuti', 'korban', 'usia', 'siswi', 'kelas', 'smp', 'minggat', 'minggu', 'malam', 'korban', 'usia', 'camat', 'kranggan', 'kota', 'mojokerto', 'putus', 'sekolah', 'korban', 'tinggal', 'rumah', 'marah', 'paman', 'pergi', 'rumah', 'ari', 'detikjatim', 'rabu', 'kabur', 'rumah', 'korban', 'usia', 'usaha', 'cari', 'cari', 'buah', 'hasil', 'putri', 'temu', 'mojosari', 'mojokerto', 'jemput', 'korban', 'teman', 'usia', 'tahunibu', 'korban', 'ajak', 'putri', 'teman', 'putri', 'pulang', 'rumah', 'alihalih', 'lega', 'hasil', 'temu', 'putri', 'sang', 'kaget', 'tinggal', 'rumah', 'anak', 'aku', 'tubuh', 'cabul', 'kasih', 'dhimas', 'veha', 'yogatama', 'warga', 'desa', 'daditunggal', 'ploso', 'jombang', 'ari', 'buat', 'asusila', 'dhimas', 'kafe', 'pujasera', 'bangsal', 'mojokerto', 'terima', 'buat', 'laku', 'orang', 'tua', 'korban', 'lapor', 'jadi', 'polres', 'mojokerto', 'terang', 'esok', 'hari', 'rabu', 'korban', 'usia', 'ayah', 'korban', 'usia', 'jemput', 'putri', 'jumpa', 'ayah', 'anak', 'putus', 'sekolah', 'aku', 'tubuh', 'cabul', 'kasih', 'harmunanda', 'afiq', 'ramadhan', 'alias', 'nanda', 'warga', 'magersari', 'kota', 'mojokertoari', 'nanda', 'buat', 'bejat', 'lokasi', 'kafe', 'bangsal', 'mojokerto', 'nanda', 'karyawan', 'pujasera', 'orang', 'tua', 'korban', 'usia', 'terima', 'lapor', 'polres', 'mojokerto', 'ari', 'kantong', 'alat', 'bukti', 'ari', 'ringkus', 'dhimas', 'nanda', 'sangka', 'dekam', 'rutan', 'polres', 'mojokerto', 'jerat', 'pasal', 'ayat', 'pasal', 'ayat', 'uu', 'ri', 'nomor', 'lindung', 'anak', 'laku', 'tetap', 'sangka', 'tahan']",teman,3
"['fakta', 'siswi', 'smp', 'palembang', 'tewas', 'bunuh', 'remaja', 'kubur', 'laku', 'candu', 'film', 'dewasa', 'siswi', 'smp', 'bunuh', 'remaja', 'palembang', 'sumatera', 'selatan', 'bincang', 'siswi', 'smp', 'inisial', 'aa', 'temu', 'tewas', 'samping', 'makam', 'makam', 'tpu', 'talang', 'kerikil', 'palembang', 'sumatera', 'selatan', 'minggu', 'temu', 'korban', 'kena', 'pakai', 'olahraga', 'korban', 'tinggal', 'dunia', 'bunuh', 'rudapaksa', 'remaja', 'inisial', 'is', 'mz', 'ms', 'as', 'empat', 'tangkap', 'selasa', 'tetap', 'sangka', 'fakta', 'bunuh', 'siswi', 'smp', 'palembang', 'remaja', 'kubur', 'kronologi', 'temu', 'jasad', 'korban', 'ibunda', 'korban', 'winarti', 'temu', 'putri', 'kali', 'minggu', 'wib', 'korban', 'pamit', 'winarti', 'pergi', 'rumah', 'winarti', 'korban', 'berangkat', 'pergi', 'bilang', 'pergi', 'teman', 'kemarin', 'tibatiba', 'pergi', 'ngomong', 'winarti', 'wib', 'winarti', 'kabar', 'keponakan', 'anak', 'temu', 'tewas', 'tpu', 'talang', 'kerikil', 'kabar', 'winarti', 'panik', 'langsung', 'lokasi', 'temu', 'jenazah', 'korban']",teman,3
"['viral', 'duga', 'cabul', 'anak', 'kandung', 'jakarta', 'lapor', 'polisi', 'pria', 'inisial', 'sn', 'lapor', 'polda', 'metro', 'jaya', 'mantan', 'istri', 'lapor', 'duga', 'cabul', 'anak', 'kandung', 'usia', 'tahundugaan', 'cabul', 'sn', 'anak', 'kandung', 'viral', 'media', 'sosial', 'media', 'sosial', 'sn', 'pegawai', 'suku', 'dinas', 'madam', 'bakar', 'jakarta', 'postingan', 'ungkap', 'anak', 'keluh', 'sakit', 'alat', 'vital', 'ungkap', 'korban', 'bawa', 'pulang', 'anak', 'inap', 'rumah', 'ayah', 'ayah', 'korban', 'cerai', 'korban', 'cerita', 'peristiwa', 'anak', 'diam', 'korban', 'cerita', 'alam', 'tersebutibu', 'korban', 'bawa', 'anak', 'periksa', 'dokter', 'psikolog', 'lapor', 'polda', 'metro', 'jayadimintai', 'konfirmasi', 'kabid', 'humas', 'polda', 'metro', 'jaya', 'kombes', 'ade', 'ary', 'syam', 'indradi', 'benar', 'lapor', 'ade', 'ary', 'lapor', 'kerja', 'dinas', 'damkar', 'lapor', 'lidi', 'ade', 'ary', 'hubung', 'detikcom', 'rabu', 'ade', 'ary', 'lapor', 'polda', 'metro', 'jaya', 'februari', 'lapor', 'lapor', 'pria', 'inisial', 'sn', 'tanggal', 'februari', 'terima', 'lapor', 'lapor', 'saudari', 'pa', 'lapor', 'sn', 'duga', 'jadi', 'cipayung', 'jakarta', 'timur', 'lapor', 'pa', 'kandung', 'korban', 'lapor', 'duga', 'cabul', 'sn', 'mantan', 'suami', 'korban', 'anak', 'perempuan', 'usia', 'cabul', 'anak', 'umur', 'usia', 'imbuh', 'lapor', 'tangan', 'subdit', 'renakta', 'ditreskrimum', 'polda', 'metro', 'jaya', 'polisi', 'terang', 'lapor', 'bap', 'lapor', 'visum', 'hasil', 'visum', 'sidik', 'pungkas', 'redaksi', 'detikcom', 'hubung', 'dinas', 'damkar', 'dki', 'jakarta', 'tanggap', 'kait', 'berita', 'muat']",keluarga,0
"['polisi', 'keras', 'sma', 'bus', 'serpong', 'duga', 'kali', 'polisi', 'ungkap', 'fakta', 'baru', 'kait', 'jadi', 'rundung', 'bullying', 'siswa', 'masuk', 'rumah', 'sakit', 'bus', 'school', 'serpong', 'jadi', 'rundung', 'kali', 'beda', 'kronologis', 'terang', 'dapat', 'jadi', 'ya', 'duga', 'tindak', 'keras', 'kali', 'tanggal', 'februari', 'tanggal', 'februari', 'kasat', 'reskrim', 'polres', 'metro', 'tangerang', 'selatan', 'akp', 'alvino', 'cahyadi', 'wartawan', 'selasa', 'pasti', 'gali', 'terang', 'saksi', 'buktibukti', 'alvino', 'saksi', 'periksa', 'korban', 'keluarga', 'bukti', 'pegang', 'polisi', 'rekam', 'video', 'saksi', 'periksa', 'korban', 'keluarga', 'bukti', 'rekam', 'video', 'bukti', 'siswa', 'sma', 'internasional', 'serpong', 'tangerang', 'selatan', 'rawat', 'rumah', 'sakit', 'duga', 'dibully', 'rundung', 'senior', 'geng', 'sekolah', 'polisi', 'luka', 'memar', 'luka', 'bakar', 'tubuh', 'korban', 'tubuh', 'luka', 'memar', 'luka', 'bakar', 'akibat', 'kena', 'benda', 'panas', 'kanit', 'ppa', 'polres', 'tangsel', 'ipda', 'galih', 'wartawan', 'senin', 'duga', 'korban', 'aniaya', 'laku', 'polisi', 'selidik', 'pihakpihak', 'libat']",teman,3
"['miris', 'anak', 'perkosa', 'teman', 'paman', 'laku', 'tangkap', 'anak', 'kabupaten', 'maros', 'sulawesi', 'selatan', 'sulsel', 'perkosa', 'teman', 'paman', 'laku', 'perkosa', 'korban', 'es', 'sa', 'tangkap', 'polisi', 'jalan', 'pemeriksaanperistiwa', 'desa', 'pucak', 'camat', 'tompobulu', 'kabupaten', 'maros', 'sabtu', 'korban', 'usia', 'tubuh', 'ganti', 'gilir', 'laku', 'kasat', 'reskrim', 'polres', 'maros', 'iptu', 'aditya', 'pandu', 'detiksulsel', 'minggu', 'aditya', 'korban', 'paman', 'tante', 'kabupaten', 'gowa', 'tompobulu', 'marosberangkat', 'paman', 'tante', 'korban', 'tompobulu', 'pucak', 'stand', 'by', 'teman', 'paman', 'laku', 'adityasaat', 'pucak', 'sambung', 'korban', 'bawa', 'laku', 'lahan', 'kosong', 'perkosa', 'korban', 'bergiliransampai', 'langsung', 'bawa', 'laku', 'kosong', 'buat', 'jelasnyatak', 'terima', 'jadi', 'keluarga', 'korban', 'lantas', 'lapor', 'polres', 'maros', 'lengkap', 'identitas', 'korban', 'kartu', 'keluarga', 'kk', 'ktp', 'hilangsaya', 'telepon', 'ibu', 'korban', 'tolak', 'suruh', 'anggota', 'lengkap', 'bawa', 'ktp', 'kknya', 'harap', 'langsung', 'visum', 'ujarnyameski', 'polisi', 'polisi', 'selidik', 'tersbeut', 'laku', 'hasil', 'tangkap', 'bekuk', 'unit', 'jatanras', 'polres', 'maros', 'diback', 'up', 'unit', 'ppa', 'polres', 'maros', 'polsek', 'tompobulu', 'minggu', 'witasudah', 'aman', 'orang', 'pria', 'tindak', 'pidana', 'tubuh', 'anak', 'kapolres', 'maros', 'akbp', 'awaludin', 'amin', 'detiksulsel', 'senin', 'lokasi', 'tangkap', 'rumah', 'duga', 'laku', 'dusun', 'arra', 'camat', 'tompobulu', 'kabupaten', 'maros', 'sambungnyakedua', 'laku', 'bawa', 'tugas', 'unit', 'ppa', 'polres', 'maros', 'jalan', 'periksa', 'tm', 'penyidiksudah', 'aman', 'polres', 'maros', 'jalan', 'periksa', 'anggota', 'unit', 'ppa']",orang asing,4
"['bunuh', 'siswi', 'smp', 'anakanak', 'palembang', 'kemenpppa', 'laku', 'candu', 'video', 'porno', 'bunuh', 'keras', 'seksual', 'ajar', 'smp', 'usia', 'aa', 'anakanak', 'palembang', 'sumatera', 'selatan', 'buat', 'duga', 'laku', 'tonton', 'video', 'porno', 'hasil', 'sidi', 'polisi', 'motif', 'tindak', 'keras', 'seksual', 'salah', 'laku', 'kumpul', 'video', 'porno', 'telepon', 'genggam', 'deputi', 'bidang', 'lindung', 'khusus', 'anak', 'kemen', 'pppa', 'nahar', 'terang', 'tulis', 'senin', 'laku', 'duga', 'candu', 'video', 'porno', 'tangan', 'obat', 'candu', 'milik', 'cenderung', 'tiru', 'picu', 'tindak', 'keras', 'seksual', 'rudapaksa', 'cabul', 'nahar', 'imbau', 'orang', 'tua', 'perhati', 'anakanak', 'jerumus', 'perilaku', 'simpang', 'konsumsi', 'video', 'porno', 'konsumsi', 'video', 'porno', 'picu', 'keras', 'seksual', 'tolong', 'orang', 'tua', 'awas', 'anakanak', 'damping', 'selancar', 'internet', 'sisi', 'orangtua', 'ajar', 'paham', 'guna', 'gadget', 'internet', 'nahar', 'polda', 'sumatera', 'selatan', 'tetap', 'sangka', 'is', 'nsa', 'mzf', 'as', 'nahar', 'laku', 'usia', 'anak', 'proses', 'tangan', 'hukum', 'perhati', 'khusus', 'sesuai', 'undangundang', 'laku', 'pedoman', 'sistem', 'adil', 'pidana', 'anak', 'sppa', 'dasar', 'uu', 'no', 'uu', 'sistem', 'adil', 'pidana', 'anak', 'pasal', 'ayat', 'uu', 'sppa', 'laku', 'anak', 'konflik', 'hukum', 'pidana', 'kena', 'beda', 'orang', 'dewasa', 'ancam', 'pidana', 'orang', 'dewasaucap', 'nahar', 'tindak', 'pidana', 'laku', 'kena', 'pasal', 'd', 'uu', 'nomor', 'jo', 'pasal', 'ayat', 'uu', 'nomor', 'danatau', 'pasal', 'e', 'uu', 'nomor', 'jo', 'pasal', 'ayat', 'uu', 'nomor', 'keras', 'fisik', 'korban', 'laku', 'ancam', 'pasal', 'c', 'jo', 'pasal', 'ayat', 'uu', 'nomor', 'pidana', 'tambah', 'kecuali', 'sesuai', 'pasal', 'ayat', 'danatau', 'pasal', 'ayat', 'uu', 'nomor', 'laku', 'usia', 'anak']",teman,3
"['polisi', 'tangkap', 'pria', 'duga', 'cabul', 'anak', 'sd', 'jaktim', 'polisi', 'tangkap', 'pria', 'inisial', 'imt', 'duga', 'laku', 'leceh', 'anak', 'kalisari', 'pasar', 'rebo', 'jakarta', 'timur', 'jaktim', 'imt', 'duga', 'leceh', 'siswa', 'sekolah', 'dasar', 'sd', 'laku', 'inisial', 'imt', 'tangkap', 'rumah', 'daerah', 'pekayon', 'jakarta', 'timur', 'tim', 'opsnal', 'unit', 'reskrim', 'polsek', 'pasar', 'rebo', 'kapolsek', 'pasar', 'rebo', 'kompol', 'rihold', 's', 'terang', 'senin', 'imt', 'duga', 'leceh', 'anakanak', 'upaya', 'culik', 'korban', 'jadi', 'viral', 'media', 'sosial', 'medsos', 'video', 'warga', 'kejar', 'laku', 'leceh', 'anak', 'coba', 'culi', 'anak', 'sd', 'selasa', 'laku', 'kena', 'baju', 'kuning', 'kendara', 'motor', 'hindar', 'kejar', 'warga', 'polisi', 'identifikasi', 'laku', 'saksisaksi', 'kece', 'cctv', 'lokasi', 'jadi', 'coba', 'telusur', 'selidik', 'bekal', 'rekam', 'cctv', 'oleh', 'informasi', 'masyarakat', 'rihold', 'lapor', 'polres', 'metro', 'jakarta', 'timur', 'dasar', 'hasil', 'interogasi', 'laku', 'aku', 'leceh', 'anakanak', 'laku', 'barang', 'bukti', 'pakai', 'sepeda', 'motor', 'aman', 'mapolsek', 'pasar', 'rebo', 'usut', 'polsek', 'pasar', 'rebo', 'limpah', 'leceh', 'anak', 'unit', 'ppa', 'sat', 'reskrim', 'polres', 'metro', 'jakarta', 'timur']",orang asing,4
"['ayah', 'sidoarjo', 'bacok', 'anak', 'tiri', 'kabur', 'ajar', 'sma', 'dusun', 'tempur', 'desa', 'tarik', 'sidoarjo', 'korban', 'baco', 'laku', 'ayah', 'tiri', 'laku', 'inisial', 'h', 'korban', 'a', 'korban', 'bacok', 'rumah', 'sabtu', 'wib', 'kronologi', 'persis', 'jadi', 'rumah', 'hanafi', 'kepala', 'dusun', 'senin', 'hanafi', 'korban', 'duga', 'bacok', 'celurit', 'akibat', 'korban', 'alami', 'luka', 'bahupelaku', 'langsung', 'kabur', 'bacok', 'anak', 'tiri', 'korban', 'alami', 'luka', 'langsung', 'lari', 'puskesmas', 'rujuk', 'rs', 'anwar', 'medika', 'hanafi', 'seharihari', 'laku', 'dagang', 'anak', 'ajar', 'sma', 'baco', 'duga', 'laku', 'lari', 'lepas', 'jadi', 'ada', 'terang', 'hanafi', 'pisah', 'kanit', 'reskrim', 'polsek', 'tarik', 'iptu', 'mohammad', 'rohman', 'aku', 'lapor', 'kait', 'baco', 'selidik', 'lapor', 'resmi', 'cari', 'info', 'rohman']",keluarga,0
"['miris', 'hilang', 'balita', 'perempuan', 'temu', 'tinggal', 'wajah', 'tutup', 'lakban', 'arif', 'sebut', 'korban', 'main', 'gambar', 'kamar', 'kondisi', 'rumah', 'kunci', 'peristiwa', 'miris', 'ajar', 'orang', 'milik', 'anak', 'kecilhal', 'berhatihati', 'jaga', 'anak', 'titip', 'balita', 'rumah', 'sesal', 'buruk', 'ulang', 'aph', 'balita', 'perempuan', 'komplek', 'bbs', 'rtrw', 'lurah', 'ciwedus', 'camat', 'cilegon', 'kota', 'cilegon', 'duga', 'korban', 'culi', 'orang', 'kenal', 'kabar', 'hilang', 'aph', 'temu', 'tewas', 'pesisir', 'pantai', 'cihara', 'kabupaten', 'lebak', 'kamis', 'pagi', 'arif', 'tetangga', 'korban', 'aph', 'hilang', 'tinggal', 'kamar', 'kontarakannya', 'selasa', 'siang', 'jadi', 'jam', 'siang', 'posisi', 'si', 'jemput', 'suami', 'makan', 'siang', 'si', 'anak', 'rumah', 'temu', 'rumah', 'korban', 'kamis', 'arif', 'sebut', 'korban', 'main', 'gambar', 'kamar', 'kondisi', 'rumah', 'kunci', 'ibu', 'pergi', 'menit', 'si', 'ibu', 'si', 'ibu', 'posisi', 'si', 'anak', 'kamar', 'aph', 'rumah', 'sang', 'panik', 'memberitahu', 'istri', 'arif', 'sakit', 'rumah', 'samping', 'rumah', 'korban', 'arif', 'kabar', 'korban', 'culik', 'orang', 'kenal', 'duga', 'masuk', 'culik', 'rapi', 'pintu', 'tutup', 'posisi', 'korban', 'rumah', 'bawa', 'sandal', 'rumah', 'posisi', 'pintu', 'rumah', 'tutup', 'rapi']",orang asing,4
"['polisi', 'surabaya', 'cabul', 'anak', 'tiri', 'kapolda', 'jatim', 'pasti', 'sanksi', 'pidanaetik', 'sidik', 'polres', 'labuh', 'tanjung', 'perak', 'surabaya', 'tahan', 'aman', 'oknum', 'polisi', 'inisial', 'k', 'pria', 'usia', 'dinas', 'polsek', 'sawah', 'surabaya', 'duga', 'bukti', 'cabul', 'anak', 'tiri', 'informasi', 'himpun', 'detikjatim', 'k', 'tahan', 'aksi', 'bejat', 'cabul', 'anak', 'tiri', 'sd', 'smp', 'cabul', 'sang', 'nenek', 'lapor', 'polres', 'labuh', 'tanjung', 'perak', 'korban', 'cerita', 'buat', 'cabul', 'ayah', 'tiri', 'korban', 'duduk', 'bangku', 'kelas', 'sd', 'aksi', 'cabul', 'duga', 'rumah', 'kawasan', 'pabean', 'cantian', 'kondisi', 'rumah', 'sepiusai', 'lancar', 'aksi', 'bejat', 'k', 'nekat', 'ancam', 'korban', 'cerita', 'cabul', 'aksi', 'hasil', 'k', 'cabul', 'korban', 'kali', 'anak', 'tiri', 'duduk', 'bangku', 'kelas', 'lantar', 'tahan', 'laku', 'k', 'ulang', 'kali', 'korban', 'berani', 'cerita', 'nenek', 'si', 'nenek', 'terima', 'cucu', 'cabul', 'langsung', 'lapor', 'k', 'polres', 'labuh', 'tanjung', 'perakgayung', 'sambut', 'lapor', 'polisi', 'ditindaklanjuti', 'polisi', 'langsung', 'rangkai', 'lidi', 'sidi', 'pinta', 'terang', 'nenek', 'cucunyak', 'lantas', 'tetap', 'sangka', 'bekuk', 'tahan', 'polres', 'labuh', 'tanjung', 'perak', 'kabid', 'humas', 'polda', 'jatim', 'kombes', 'dirmanto', 'angkat', 'bicara', 'kait', 'turut', 'kapolda', 'jatim', 'irjen', 'imam', 'sugianto', 'langsung', 'jajar', 'usut', 'tindak', 'k', 'oknum', 'sanksi', 'etik', 'pidana', 'kait', 'duga', 'asusila', 'salah', 'oknum', 'anggota', 'dinas', 'salah', 'polsek', 'wilayah', 'polrestabes', 'surabaya', 'kapolda', 'jatim', 'irjen', 'imam', 'sugianto', 'perintah', 'jajar', 'tindak', 'oknum', 'anggota', 'langgar', 'dirmanto', 'senin', 'dirmanto', 'k', 'tetap', 'sangka', 'jalan', 'tahan', 'polres', 'labuh', 'tanjung', 'perak', 'surabaya', 'k', 'tahan', 'rutan', 'polres', 'labuh', 'tanjung', 'perak', 'periksa', 'sangkut', 'imbuh', 'diadirmanto', 'k', 'jerat', 'sanksi', 'etik', 'polri', 'sanksi', 'pidana', 'sesuai', 'uu', 'laku']",keluarga,0
"['tega', 'leceh', 'anak', 'imingiming', 'bas', 'juta', 'muda', 'inisial', 'r', 'pondok', 'aren', 'tangerang', 'selatan', 'tetap', 'sangka', 'duga', 'leceh', 'anak', 'usia', 'wanita', 'usia', 'tega', 'leceh', 'anak', 'kandung', 'imingiming', 'uang', 'bas', 'juta', 'rupiah', 'r', 'aman', 'polisi', 'serah', 'polres', 'tangerang', 'selatan', 'tangan', 'subdit', 'siber', 'ditreskrimsus', 'polda', 'metro', 'jaya', 'muka', 'video', 'leceh', 'seksual', 'r', 'putra', 'viral', 'media', 'sosial', 'narasi', 'leceh', 'seksual', 'larang', 'kota', 'tangerang', 'selatan', 'usut', 'usut', 'aksi', 'leceh', 'r', 'putra', 'kosan', 'pondok', 'aren', 'tangerang', 'selatan', 'juli', 'polis', 'r', 'aku', 'leceh', 'giur', 'imingiming', 'uang', 'rp', 'jutapolres', 'metro', 'tangerang', 'kota', 'turun', 'tangan', 'selidik', 'selidik', 'peristiwa', 'leceh', 'wilayah', 'pondok', 'betung', 'pondok', 'aren', 'tangerang', 'selatankapolres', 'metro', 'tangerang', 'kota', 'kombes', 'zain', 'dwi', 'nugroho', 'laku', 'serah', 'polisi', 'minggu', 'malam', 'laku', 'serah', 'tangan', 'polda', 'metro', 'zain', 'dwi', 'nugroho', 'hubung', 'detikcom', 'senin', 'sidik', 'subdit', 'siber', 'ditreskrimsus', 'polda', 'metro', 'jaya', 'periksa', 'r', 'wanita', 'aku', 'leceh', 'suruh', 'kenal', 'facebook', 'aku', 'laku', 'sangkut', 'aku', 'suruh', 'kenal', 'media', 'sosial', 'facebook', 'kabid', 'humas', 'polda', 'metro', 'jaya', 'kombes', 'ade', 'ary', 'syam', 'indradi', 'hubung', 'detikcom', 'senin', 'dasar', 'terang', 'laku', 'juli', 'hubung', 'kenal', 'facebook', 'nama', 'akun', 'icha', 'shakila', 'icha', 'tawar', 'kerja', 'r', 'milik', 'akun', 'facebook', 'icha', 'shakila', 'dpo', 'bujuk', 'sangka', 'kirim', 'foto', 'busana', 'imingiming', 'kirim', 'uang', 'desa', 'butuh', 'ekonomi', 'sangka', 'r', 'kirim', 'foto', 'busana', 'milik', 'sangka', 'jelasnyar', 'alas', 'tega', 'leceh', 'anak', 'giur', 'tawar', 'uang', 'bas', 'juta', 'icha', 'sangka', 'janji', 'kirim', 'uang', 'rp', 'juta', 'imbuh']",keluarga,0
"['kemenpppa', 'korban', 'aniaya', 'anak', 'guru', 'flores', 'baik', 'menteri', 'daya', 'perempuan', 'lindung', 'anak', 'kemen', 'pppa', 'pantau', 'aniaya', 'anak', 'sembilan', 'oknum', 'guru', 'flores', 'timur', 'nusa', 'tenggara', 'timur', 'kemenpppa', 'pantau', 'kondisi', 'korban', 'aniaya', 'laku', 'inisial', 'mgsdeputi', 'bidang', 'lindung', 'khusus', 'anak', 'nahar', 'sayang', 'tindak', 'keras', 'oknum', 'guru', 'anak', 'flores', 'timur', 'aniaya', 'saksi', 'orang', 'timbul', 'trauma', 'sendiri', 'anak', 'awal', 'kondisi', 'korban', 'korban', 'damping', 'akses', 'pulih', 'psikis', 'fisik', 'nahar', 'terang', 'jumat', 'kemenpppa', 'koordinasi', 'dinas', 'kendali', 'duduk', 'keluarga', 'rencana', 'daya', 'perempuan', 'lindung', 'anak', 'dpkb', 'flores', 'timur', 'tuju', 'asesmen', 'kondisi', 'fisik', 'psikis', 'korban', 'alami', 'penganiayaannahar', 'hasil', 'asesmen', 'korban', 'alami', 'trauma', 'psikis', 'serius', 'komunikasi', 'kondisi', 'fisik', 'korban', 'baik', 'ikut', 'aktivitas', 'ajar', 'sekolah', 'nahar', 'kemenpppa', 'komitmen', 'awal', 'tindak', 'proses', 'mediasi', 'korban', 'laku', 'belah', 'sepakat', 'selesai', 'adil', 'restoratif', 'adil', 'restoratif', 'restorative', 'justice', 'laksana', 'cari', 'selesai', 'adil', 'tekan', 'pulih', 'korban', 'kondisi', 'harap', 'pascakesepakatan', 'kait', 'penuh', 'hak', 'korban', 'upaya', 'nahar', 'nahar', 'dorong', 'masyarakat', 'lapor', 'wajib', 'temu', 'keras', 'anak', 'korban', 'lindung', 'alami', 'keras', 'ulang', 'nahar']",tenaga pendidik,2
"['bullying', 'bus', 'school', 'simprug', 'kubu', 'korban', 'duga', 'laku', 'ngaku', 'anak', 'ketua', 'partai', 'duga', 'laku', 'bullying', 'bus', 'school', 'simprug', 'kebayoran', 'jakarta', 'selatan', 'anak', 'jabat', 'anak', 'ketua', 'partai', 'politik', 'parpol', 'korban', 'duga', 'bullying', 'siswa', 'inisial', 're', 'si', 'siswasiswa', 'langsung', 'kenal', 'ketua', 'partai', 'jabat', 'korban', 'ngarang', 'kuasa', 'hukum', 'korban', 'agustinus', 'nahak', 'jumat', 'agustinus', 'korban', 'duga', 'aniaya', 'leceh', 'lantar', 'sedia', 'turut', 'minta', 'duga', 'laku', 'kenal', 'anakanak', 'orang', 'hebat', 'anak', 'korban', 'layan', 'jadi', 'naik', 'lidi', 'tahap', 'sidi', 'senin', 'iya', 'sidi', 'kasi', 'humas', 'polres', 'metro', 'jakarta', 'selatan', 'akp', 'nurma', 'dewi', 'konfirmasi', 'jumat', 'nurma', 'duga', 'bullying', 'tingkat', 'sidi', 'polisi', 'temu', 'duga', 'tindak', 'pidana', 'ya', 'tindak', 'pidana', 'lihat', 'video', 'mantan', 'wakapolsek', 'pasar', 'minggu', 'bus', 'school', 'simprug', 'ban', 'tindak', 'bullying', 'leceh', 'seksual', 'korban', 'humas', 'bus', 'school', 'education', 'haris', 'suhendra', 'investigasi', 'kait', 'peristiwa', 'lapor', 'korban', 'sekolah', 'tanggap', 'lapor', 'sangkut', 'serius', 'sekolah', 'laksana', 'investigasi', 'dasar', 'bukti', 'saksi', 'haris', 'terang', 'haris', 'hasil', 'investigasi', 'temu', 'bullying', 'leceh', 'seksual', 'selisih', 'antarsiswa']",teman,3
"['faktafakta', 'santri', 'tewas', 'saksi', 'sangka', 'ponpes', 'izin', 'santri', 'usia', 'bintang', 'balqis', 'maulana', 'pondok', 'pesantren', 'tartilul', 'quran', 'pptq', 'alhanifiyyah', 'mojo', 'kabupaten', 'diri', 'tewas', 'aniaya', 'santri', 'dasar', 'periksa', 'polisi', 'bintang', 'aniaya', 'tewas', 'februari', 'februari', 'februariberikut', 'faktafakta', 'aniaya', 'bintang', 'rangkum', 'cnn', 'indonesia', 'polisi', 'tetap', 'orang', 'sangka', 'mn', 'sidoarjo', 'ma', 'nganjuk', 'af', 'denpasar', 'ak', 'kota', 'surabaya', 'kena', 'pasal', 'ayat', 'uu', 'nomor', 'lindung', 'anak', 'pasal', 'kuhp', 'pasal', 'kuhp', 'ancam', 'hukum', 'maksimal', 'penjarapengacara', 'laku', 'aniaya', 'santri', 'diri', 'tewas', 'rini', 'puspitasari', 'pelakua', 'aniaya', 'korbang', 'susah', 'nasihat', 'bintang', 'perkara', 'salat', 'jemaah', 'bintang', 'sembuh', 'sakit', 'sekolah', 'salat', 'jemaah', 'kamar', 'info', 'ak', 'af', 'sepupu', 'tegur', 'si', 'bintang', 'salat', 'bintang', 'nyambung', 'rabu', 'puas', 'korban', 'laku', 'emosi', 'pukul', 'bintang', 'buat', 'klaim', 'tangan', 'kosong', 'esok', 'hari', 'tepat', 'kamis', 'laku', 'dapat', 'bintang', 'salat', 'jemaah', 'suruh', 'korban', 'salat', 'mandi', 'korban', 'gegas', 'kamar', 'mandi', 'kamar', 'mandi', 'korban', 'telanjang', 'salah', 'laku', 'sana', 'korban', 'alami', 'aniaya', 'laku', 'kamis', 'malam', 'laku', 'obat', 'lukaluka', 'korban', 'pukul', 'niat', 'bawa', 'korban', 'rumah', 'sakit', 'urung', 'kondisi', 'korban', 'lemah', 'jumat', 'jam', 'wib', 'si', 'af', 'sepupu', 'korban', 'dibangunin', 'diomongin', 'bintang', 'pucat', 'bawa', 'rumah', 'sakit', 'rumah', 'sakit', 'tinggal', 'rini', 'polisi', 'rekonstruksi', 'ulang', 'adegan', 'keras', 'keluarga', 'puas', 'tutup', 'korban', 'suyanti', 'rekonstruksi', 'ulang', 'jadi', 'ponpes', 'pptq', 'al', 'hanifiyyah', 'polres', 'suyanti', 'keluarga', 'rencana', 'tolak', 'diri', 'pekan', 'harap', 'polisi', 'fasilitas', 'kabul', 'rekonstruksi', 'ulang', 'itukeluarga', 'ragu', 'sangka', 'pukul', 'korban', 'tangan', 'kosong', 'rekonstruksi', 'pondok', 'pesantren', 'pptq', 'al', 'hanifiyyah', 'milik', 'izin', 'kepala', 'bidang', 'didik', 'diniyah', 'pondok', 'pesantren', 'kanwil', 'kemenag', 'jawa', 'timur', 'mohammad', 'asadul', 'anam', 'pondok', 'aktivitas', 'milik', 'izin', 'operasional', 'ada', 'ponpes', 'pondok', 'pesantren', 'pptq', 'al', 'hanifiyyah', 'milik', 'izin', 'pesantren', 'anam', 'diri', 'selasa', 'suyanti', 'ponpes', 'pptq', 'al', 'hanifiyyah', 'tanggung', 'mati', 'putri', 'suyanti', 'fatihunada', 'gus', 'fatih', 'pengasuh', 'pesantren', 'lalai', 'awas', 'santri', 'buntut', 'aniaya', 'santri', 'anak', 'tewas', 'pondok', 'tanggung', 'suyanti', 'hubung', 'cnnindonesiacom', 'jumat', 'tinggal', 'pondok', 'pondok', 'otomatis', 'dititipin', 'anak', 'tanggung', 'suyanti']",teman,3
"['komnas', 'pa', 'desak', 'polisi', 'surabaya', 'duga', 'cabul', 'anak', 'tiri', 'hukum', 'berat', 'komisi', 'nasional', 'lindung', 'anak', 'komnas', 'pa', 'desak', 'aipda', 'k', 'anggota', 'polri', 'surabaya', 'yanga', 'cabul', 'anak', 'tiri', 'hukum', 'berat', 'pasal', 'ketua', 'komisi', 'nasional', 'lindung', 'anak', 'kota', 'surabaya', 'syaiful', 'bachri', 'aipda', 'k', 'aparat', 'tegak', 'hukum', 'lindung', 'warga', 'keluarga', 'duga', 'laku', 'salah', 'aparat', 'lindung', 'warga', 'keluarga', 'buat', 'cacat', 'anak', 'syaiful', 'konfirmasi', 'rabu', 'syaiful', 'sebut', 'temu', 'korban', 'keluarga', 'selasa', 'kemarin', 'turut', 'korban', 'butuh', 'damping', 'psikologi', 'hukum', 'komnas', 'pa', 'tugas', 'tim', 'bantu', 'hukum', 'pimpin', 'acara', 'enni', 'indrawati', 'tim', 'psikolog', 'pulih', 'korban', 'trauma', 'syaiful', 'tuntut', 'hukum', 'maksimal', 'jatuh', 'laku', 'anggota', 'polsek', 'sawah', 'polrestabes', 'surabaya', 'sesuai', 'amanat', 'uu', 'lindung', 'anak', 'boleh', 'majelis', 'hakim', 'tambah', 'hukum', 'tiga', 'tuntut', 'tuntut', 'laku', 'hukum', 'sesuai', 'uu', 'nomor', 'hukum', 'maksimal', 'tambah', 'tuntut', 'orang', 'orang', 'hak', 'ayom', 'lindung', 'imbuh', 'peristiwa', 'syaiful', 'harap', 'tegak', 'hukum', 'putus', 'seadiladilnya', 'korbania', 'harap', 'keras', 'seksual', 'anak', 'lingkung', 'keluarga', 'kota', 'surabaya', 'surabaya', 'predikat', 'kota', 'ramah', 'anak', 'mohon', 'atensi', 'polisi', 'perintah', 'kota', 'surabaya', 'serius', 'pantau', 'awal', 'putus', 'layak', 'lindung', 'keluarga', 'korban', 'kapolda', 'jawa', 'timur', 'irjen', 'imam', 'sugianto', 'aipda', 'k', 'cabul', 'anak', 'tiri', 'tindak', 'kapolda', 'jatim', 'irjen', 'imam', 'sugianto', 'perintah', 'jajar', 'tindak', 'anggota', 'langgar', 'kabid', 'humas', 'polda', 'jatim', 'kombes', 'dirmanto', 'hotel', 'wyndham', 'surabaya', 'senin', 'dirmanto', 'k', 'periksa', 'etik', 'propam', 'polda', 'jatim', 'polrestabes', 'surabaya', 'sangkut', 'tahan', 'rutan', 'polres', 'tanjung', 'perak', 'periksa', 'sangkut', 'nyata', 'sangka', 'katanyanamun', 'dirmanto', 'ungkap', 'sanksi', 'etik', 'ancam', 'polisi', 'cabul', 'periksa', 'aipda', 'k', 'duga', 'cabul', 'putri', 'tiri', 'terang', 'korban', 'k', 'anggota', 'polsek', 'sawah', 'cabul', 'kelas', 'sdperbuatan', 'bejat', 'k', 'berulangulang', 'korban', 'injak', 'kelas', 'smp', 'jadi', 'korban', 'kondisi', 'rumah', 'bilang', 'pabean', 'cantian', 'surabaya', 'sepi', 'ibu', 'lahir', 'rumah', 'sakit', 'tiri', 'manfaat', 'situasi', 'cabul', 'korban', 'aksi', 'k', 'rayu', 'apa', 'korban', 'laku', 'ancam', 'hidup', 'bayangbayang', 'takut', 'takut', 'ayah', 'tiri', 'berani', 'lawan', 'aksi', 'cabul', 'bongkar', 'korban', 'cerita', 'nenek', 'n', 'tengah', 'ramadan', 'keluarga', 'lapor', 'polisi']",keluarga,0
"['anak', 'paksa', 'rekam', 'aksi', 'cabul', 'ayah', 'angkat', 'gegara', 'tuduh', 'fitnah', 'anak', 'umur', 'tasikmalaya', 'korban', 'cabul', 'ayah', 'angkat', 'umur', 'ironis', 'korban', 'paksa', 'rekam', 'aksi', 'cabul', 'anggap', 'fitnah', 'tetangga']",keluarga,0
"['anak', 'tenggelam', 'catat', 'hitam', 'keras', 'anak', 'jabar', 'tragedi', 'timpa', 'mr', 'sorot', 'remaja', 'desa', 'parigi', 'mulya', 'camat', 'cipunagara', 'subang', 'tewas', 'buang', 'salur', 'irigasi', 'desa', 'bugis', 'camat', 'anjata', 'indramayu', 'ibu', 'kondisi', 'hiduphidup', 'mr', 'aniaya', 'ikat', 'lengan', 'aksi', 'keji', 'nurhani', 'bapak', 'warim', 'adik', 'suganda', 'nekat', 'buat', 'tindak', 'kejam', 'akibat', 'nyawa', 'korban', 'layang', 'tiga', 'jeblos', 'jeruji', 'besi', 'mempertanggungjawabkan', 'buat', 'tragedi', 'timpa', 'mr', 'tambah', 'daftar', 'catat', 'kelam', 'keras', 'anak', 'jawa', 'barat', 'dasar', 'data', 'laman', 'sistem', 'informasi', 'online', 'lindung', 'perempuan', 'anak', 'simfonippa', 'milik', 'menteri', 'ppa', 'alami', 'tingkat', 'laman', 'simfonippa', 'catat', 'keras', 'anak', 'jabar', 'capai', 'alami', 'korban', 'lakilaki', 'korban', 'perempuan', 'banding', 'keras', 'alami', 'turun', 'total', 'catat', 'kasuslaman', 'simfonippa', 'catat', 'laku', 'keras', 'anak', 'usia', 'mayoritas', 'orang', 'tua', 'pacarteman', 'orang', 'kenal', 'na', 'tetangga', 'guru', 'keluargasaudara', 'kasusmemasuki', 'keras', 'anak', 'jabar', 'alami', 'lonjak', 'capai', 'korban', 'timpa', 'anakanak', 'usia', 'rincian', 'lakilaki', 'perempuan', 'laku', 'mayoritas', 'temanpacar', 'orang', 'tua', 'tetangga', 'susul', 'orang', 'kenal', 'na', 'saudarakeluarga', 'lonjak', 'keras', 'anak', 'catat', 'korban', 'timpa', 'anak', 'lakilaki', 'anak', 'perempuan', 'laman', 'simfonippa', 'tampil', 'laku', 'keras', 'anak', 'mayoritas', 'orang', 'tua', 'susul', 'temanpacar', 'tetangga', 'keluargasaudara', 'guru', 'orang', 'kenal', 'na', 'tingkat', 'lagilagi', 'catat', 'keras', 'anak', 'jabar', 'timpa', 'korban', 'anak', 'lakilaki', 'anak', 'perempuan', 'laku', 'keras', 'anak', 'catat', 'orang', 'tua', 'pacarteman', 'susul', 'tetangga', 'guru', 'keluargasaudara', 'orang', 'kenal', 'na', 'laman', 'simfonippa', 'catat', 'jawa', 'barat', 'korban', 'timpa', 'anak', 'lakilaki', 'anak', 'perempuanadapun', 'laku', 'keras', 'anak', 'catat', 'orang', 'tua', 'pacarteman', 'susul', 'tetangga', 'keluargasaudara', 'orang', 'kenal', 'na', 'guru', 'kasusironisnya', 'catat', 'laman', 'simfonippa', 'keras', 'anak', 'jabar', 'kategori', 'keras', 'seksual', 'susul', 'keras', 'keras', 'psikis', 'keras', 'fisik', 'telantar', 'eksploitasi', 'trafficking', 'dagang', 'oranganakanak', 'dosa', 'rentan', 'alami', 'keras', 'rumah', 'tangga', 'sekolah', 'fasilitas', 'kerja']",keluarga,0
"['miris', 'anak', 'tk', 'cabul', 'teman', 'ortu', 'ancam', 'cemar', 'nama', 'anak', 'tk', 'pekanbaru', 'riau', 'korban', 'cabul', 'miris', 'cabul', 'teman', 'sekolah', 'lakilaki', 'korban', 'aku', 'cabul', 'kali', 'lansir', 'detiksumut', 'ungkap', 'orang', 'tua', 'korban', 'curiga', 'ubah', 'perilaku', 'anak', 'korban', 'main', 'malu', 'pamer', 'sang', 'main', 'malu', 'kasih', 'istri', 'dfi', 'ayah', 'korban', 'detiksumut', 'rabu', 'ubah', 'perilaku', 'november', 'si', 'anak', 'laku', 'beres', 'dfi', 'istri', 'coba', 'si', 'anak', 'curiga', 'perilaku', 'anak', 'pelanpelan', 'anak', 'cerita', 'kali', 'cabul', 'teman', 'sekolah', 'orang', 'tua', 'dfi', 'istri', 'terima', 'lantas', 'jadi', 'sekolah', 'sekolah', 'responsif', 'dfi', 'aku', 'ancam', 'lapor', 'polisi', 'cemar', 'nama', 'kepala', 'sekolahpadahal', 'dfi', 'komunikasi', 'keluarga', 'teman', 'anak', 'laku', 'anak', 'aku', 'buat', 'kalimat', 'lapor', 'cemar', 'nama', 'bukti', 'gimana', 'anak', 'aku', 'laku', 'aku', 'dfi', 'laku', 'anak', 'pindah', 'sekolah', 'yayasan', 'sekolah', 'dfi', 'kecewa', 'selesai', 'sepakat', 'duga', 'cabul', 'timpa', 'anak', 'laku', 'anakanak', 'ya', 'pindah', 'sekolah', 'selesai', 'jadi', 'sekolah', 'dfi', 'istri', 'lapor', 'jadi', 'polisi', 'bawa', 'anak', 'visum', 'periksa', 'psikolog', 'bukti', 'korban', 'cabul']",teman,3
"['abah', 'oyan', 'cabul', 'anak', 'bogor', 'pakai', 'imingiming', 'bonus', 'sewa', 'sepeda', 'abah', 'oyan', 'tangkap', 'polisi', 'lantar', 'cabul', 'anak', 'wilayah', 'tanah', 'sareal', 'kota', 'bogor', 'jawa', 'barat', 'kanit', 'ppa', 'satreskrim', 'polresta', 'bogor', 'kota', 'akp', 'komang', 'teguh', 'ungkap', 'modus', 'pelakukomang', 'laku', 'milik', 'usaha', 'sewa', 'sepeda', 'listrik', 'korban', 'diimingimingi', 'tambah', 'sewa', 'sepeda', 'listrik', 'laku', 'imingimingnya', 'anakanak', 'pinjam', 'sewa', 'sepeda', 'listrik', 'jam', 'harga', 'rp', 'ribu', 'jam', 'bonus', 'pinjam', 'komang', 'wartawan', 'selasa', 'cabul', 'cium', 'pegang', 'korban', 'komang', 'ungkap', 'ratarata', 'anakanak', 'korban', 'usia', 'motif', 'laku', 'bujang', 'hasrat', 'nafsu', 'simpang', 'hasrat', 'salur', 'peristiwa', 'ungkap', 'korban', 'lapor', 'jadi', 'orang', 'tua', 'orang', 'tua', 'korban', 'lapor', 'jadi', 'polisibetul', 'anakanak', 'adu', 'orang', 'tua', 'si', 'abah', 'oyan']",orang asing,4
"['ortu', 'periksa', 'polisi', 'temu', 'korban', 'daycare', 'wensen', 'school', 'ortu', 'periksa', 'polisi', 'temu', 'korban', 'daycare', 'wensen', 'school', 'polisi', 'periksa', 'orang', 'tua', 'titip', 'anak', 'daycare', 'wensen', 'schoola', 'depok', 'dalam', 'korban', 'aksi', 'aniaya', 'meita', 'iriantykapolres', 'metro', 'depok', 'kombes', 'arya', 'perdana', 'total', 'tujuh', 'orang', 'tua', 'terang', 'sidik', 'perkara', 'situ', 'anak', 'titip', 'periksa', 'orang', 'orang', 'tua', 'anakanaknya', 'titip', 'arya', 'wartawan', 'kamis', 'orang', 'tua', 'lapor', 'tambah', 'tujuh', 'sisa', 'periksa', 'imbuh', 'arya', 'sebut', 'hasil', 'periksa', 'orang', 'tua', 'temu', 'korban', 'perkara', 'alhamdulillah', 'dasar', 'tutur', 'orang', 'tua', 'anakanak', 'korban', 'tandatanda', 'keras', 'anakanak', 'beliau', 'polres', 'metro', 'depok', 'tetap', 'meita', 'irianty', 'milik', 'wensen', 'school', 'sangka', 'aniaya', 'anaksatu', 'anak', 'inisial', 'mk', 'usia', 'korban', 'inisial', 'amw', 'usia', 'sembilan', 'arya', 'korban', 'mk', 'kondisi', 'alami', 'trauma', 'polisi', 'visum', 'psikiatrikum', 'dalam', 'korban', 'hw', 'duga', 'alami', 'dislokasi', 'kaki', 'banting', 'meita', 'korban', 'visum', 'rontgen', 'buat', 'meita', 'jerat', 'pasal', 'ayat', 'jo', 'pasal', 'ayat', 'uu', 'nomor', 'ubah', 'uu', 'nomor', 'lindung', 'anak', 'ancam', 'hukum', 'maksimal', 'dasar', 'terang', 'arya', 'sebut', 'meita', 'meita', 'aniaya', 'balita', 'korban', 'anggap', 'rewel', 'nakal', 'dalam', 'sidik', 'kutik', 'motif', 'kemarin', 'beliau', 'anak', 'rewel', 'nakal', 'arya', 'wartawan', 'selasa']",pengasuh,1
"['siksa', 'anak', 'selebgram', 'emy', 'aghnia', 'kpai', 'sorot', 'yayasan', 'salur', 'pengasuh', 'komisi', 'lindung', 'anak', 'indonesia', 'kpai', 'sesal', 'siksa', 'anak', 'selebgram', 'emy', 'aghnia', 'pengasuh', 'komisioner', 'kpai', 'diyah', 'puspitarini', 'prihatin', 'jadi', 'timpa', 'jana', 'amira', 'priyanka', 'akrab', 'sapa', 'canayang', 'balita', 'itudiyah', 'sayang', 'aniaya', 'pengasuh', 'ajar', 'refleksi', 'yayasan', 'salur', 'diyah', 'perihal', 'pengasuh', 'ambil', 'yayasan', 'nama', 'diyah', 'nama', 'yayasan', 'kenal', 'mesti', 'milik', 'sistem', 'awas', 'evaluasi', 'akurat', 'jamin', 'customer', 'nyaman', 'jasa', 'individu', 'oknumpengasuh', 'yayasan', 'menangungi', 'salur', 'tenaga', 'kerja', 'mesti', 'kantong', 'izin', 'resmi', 'negara', 'dalam', 'dewan', 'awas', 'yayasan', 'dewan', 'awas', 'mesti', 'milik', 'regulasi', 'evaluasi', 'salur', 'pantau', 'lebih', 'masyarakat', 'pakai', 'jasa', 'yayasan', 'salur', 'baby', 'sitter', 'saran', 'janji', 'track', 'record', 'calon', 'tenaga', 'bantuannyakata', 'periksa', 'psikologis', 'salah', 'dasar', 'tenaga', 'baby', 'sitter', 'turun', 'sistem', 'awas', 'cctv', 'langsung', 'pantau', 'ponsel', 'orang', 'tua', 'lebih', 'awas', 'anggota', 'keluarga', 'rumah', 'keluarga', 'yayasan', 'pantau', 'kala', 'tingkat', 'kualitas', 'tenaga', 'salur', 'orang', 'tua', 'mengambilpengasuh', 'perhati', 'faktor', 'yayasan', 'salur', 'lepas', 'tangan', 'pengasuh', 'salur', 'kpai', 'prihatin', 'keras', 'rumah', 'tangga', 'anak', 'kalang', 'keluarga', 'mana', 'tindak', 'kdrt', 'ditoleransikpai', 'harap', 'usut', 'tuntas', 'laku', 'jerat', 'pasal', 'uu', 'lindung', 'anak', 'kuhp', 'ala', 'uu', 'pkdrt', 'no', 'diyah', 'anak', 'korban', 'damping', 'psikologis', 'hilang', 'trauma', 'turun', 'peksos', 'damping', 'keluarga', 'anak', 'korban', 'sesuai', 'uu', 'lindung', 'anak', 'pasal', 'a', 'warganet', 'nang', 'jamaah', 'aghnia', 'unggah', 'kondisi', 'anak', 'cana', 'enas', 'luka', 'lebam', 'bekas', 'pukul', 'lecet', 'memar', 'salah', 'mata', 'buka', 'normal', 'cana', 'siksa', 'jam', 'henti', 'siksa', 'kamar', 'kunci', 'rapat', 'subuh', 'aghnia', 'unggah', 'rekam', 'aniaya', 'durasi', 'menit', 'instagram', 'video', 'suster', 'pengasuh', 'tindih', 'badan', 'cana', 'lempar', 'tubuh', 'semprot', 'minyak', 'kutuskutus', 'wajah', 'duga', 'mata', 'anak', 'lari', 'kejar', 'mari', 'hajar', 'pengasuh', 'polisi', 'dalam', 'motif', 'sangka', 'siksa']",pengasuh,1
"['caleg', 'purworejo', 'kampanye', 'libat', 'anak', 'umur', 'sidang', 'calon', 'legislatif', 'caleg', 'kabupaten', 'purworejo', 'jawa', 'duga', 'libat', 'anak', 'umur', 'kampanye', 'sidang', 'agenda', 'baca', 'surat', 'dakwa', 'sidang', 'lanjut', 'baca', 'eksepsi', 'sidang', 'nomor', 'perkara', 'pidsuspn', 'pwr', 'gelar', 'adil', 'negeri', 'pn', 'purworejo', 'jalan', 'tentara', 'ajar', 'purworejo', 'dakwa', 'muhammad', 'abdullah', 'damping', 'nasihat', 'hukum', 'muhammad', 'saleh', 'hadir', 'ruang', 'sidang', 'cakra', 'ikut', 'sidang', 'pimpin', 'agus', 'supriyono', 'ketua', 'majelis', 'damping', 'hakim', 'anggota', 'jhon', 'ricardo', 'm', 'budi', 'darma', 'sidang', 'agenda', 'baca', 'surat', 'dakwa', 'inti', 'dakwa', 'tunggal', 'kait', 'laksana', 'tim', 'kampanye', 'giat', 'kampanye', 'milu', 'mengikutsertakan', 'warga', 'negara', 'indonesia', 'milik', 'hak', 'pilih', 'agenda', 'baca', 'surat', 'dakwa', 'baca', 'jaksa', 'tuntut', 'dakwa', 'bentuk', 'dakwa', 'tunggal', 'pasal', 'dakwa', 'dakwa', 'pasal', 'juncto', 'pasal', 'ayat', 'huruf', 'k', 'undangundang', 'nomor', 'milu', 'ubah', 'undangundang', 'nomor', 'inti', 'pasal', 'laksana', 'tim', 'kampanye', 'giat', 'kampanye', 'milu', 'mengikutsertakan', 'warga', 'negara', 'indonesia', 'milik', 'hak', 'pilih', 'jubir', 'pn', 'purworejo', 'santonius', 'tambun', 'temu', 'detikjateng', 'sidang', 'selasa', 'baca', 'surat', 'dakwa', 'skors', 'jam', 'sidang', 'lanjut', 'agenda', 'baca', 'eksepsi', 'nota', 'berat', 'dakwa', 'eksepsi', 'baca', 'nasihat', 'hukum', 'dakwa', 'muhammad', 'saleh', 'poin', 'kait', 'proses', 'lidi', 'sidi', 'anggap', 'patuh', 'tentu', 'atur', 'bawaslu', 'proses', 'periksa', 'perkara', 'milu', 'beda', 'pidana', 'proses', 'kaji', 'pokok', 'perkara', 'klarifikasi', 'bawaslu', 'sentra', 'gakkumdu', 'kes', 'buruburu', 'proses', 'kaji', 'dalam', 'kompetensi', 'sidik', 'selidik', 'tangan', 'perkara', 'milu', 'polisi', 'sidik', 'jaksa', 'hakim', 'sertifikasi', 'milik', 'kompetensi', 'selesai', 'perkara', 'milu', 'milik', 'kompetensi', 'periksa', 'poin', 'tiga', 'alat', 'bukti', 'alat', 'bukti', 'video', 'uji', 'forensik', 'bukti', 'video', 'empat', 'proses', 'periksa', 'saksi', 'buat', 'video', 'kam', 'anak', 'periksa', 'si', 'ruang', 'khusus', 'anak', 'periksa', 'polisi', 'milik', 'sertifikasi', 'anak', 'ya', 'milik', 'kompetensi', 'periksa', 'anak', 'treatment', 'anak', 'orang', 'dewasa', 'beda', 'terang', 'definisi', 'mengikutsertakan', 'giat', 'kampanye', 'anak', 'surat', 'dakwa', 'jaksa', 'inti', 'giat', 'bawaslu', 'rinci', 'tindak', 'dakwa', 'proses', 'ajak', 'anak', 'model', 'libat', 'klir', 'perkara', 'terburuburu', 'politis', 'cenderung', 'objektif', 'sambungnyaatas', 'poinpoin', 'berat', 'baca', 'hakim', 'batal', 'perkara', 'batal', 'surat', 'dakwa', 'tuntut', 'proses', 'sidi', 'henti', 'perkara', 'imbuh', 'warta', 'caleg', 'dapil', 'vi', 'purworejo', 'dakwa', 'duga', 'libat', 'anak', 'umur', 'kampanye', 'konten', 'video', 'kampanye', 'diupload', 'akun', 'media', 'sosial', 'pribadi', 'konten', 'kampanye', 'video', 'durasi', 'detik', 'diupload', 'akun', 'tiktok', 'kangabdullah', 'video', 'ajar', 'kena', 'seragam', 'pramuka', 'salah', 'satu', 'ajak', 'warga', 'pilih', 'caleg', 'partai', 'nasdem', 'ajar', 'belakang', 'acung', 'jari', 'telunjuk']",orang asing,4
"['sebar', 'video', 'porno', 'anak', 'mewek', 'tangkap', 'jakbar', 'pria', 'inisial', 'ya', 'tangkap', 'polisi', 'duga', 'sebar', 'video', 'porno', 'anak', 'umur', 'ya', 'duga', 'peras', 'korban', 'anak', 'usia', 'ancam', 'video', 'call', 'sex', 'vcsya', 'tangkap', 'tim', 'unit', 'subdit', 'iv', 'ditreskrimsus', 'polda', 'metro', 'jaya', 'patroli', 'siber', 'temu', 'konten', 'porno', 'akun', 'instagram', 'skandalb', 'situ', 'polisi', 'lidi', 'tangkap', 'ya', 'cengkareng', 'jakarta', 'barat', 'selasa', 'juli', 'patroli', 'siber', 'tugas', 'subdit', 'siber', 'ditreskrimsus', 'polda', 'metro', 'jaya', 'temu', 'akun', 'instagram', 'nama', 'skandalb', 'duga', 'sebar', 'video', 'muat', 'asusila', 'libat', 'anak', 'umur', 'korban', 'anak', 'korban', 'kabid', 'humas', 'polda', 'metro', 'jaya', 'kombes', 'ade', 'ary', 'syam', 'indradi', 'wartawan', 'hasil', 'periksa', 'polisi', 'ungkap', 'sangka', 'koleksi', 'puluh', 'video', 'porno', 'anak', 'dewasa', 'salah', 'anak', 'usia', 'bekas', 'korban', 'informasi', 'rangkum', 'detikcom', 'selasa', 'ya', 'tangkap', 'tim', 'subdit', 'siber', 'ditreskrimsus', 'polda', 'metro', 'jaya', 'patroli', 'siber', 'tangkap', 'cengkareng', 'jakarta', 'barat', 'video', 'oleh', 'detikcom', 'sangka', 'menang', 'tangkap', 'polisi', 'memanggilmanggil', 'ibu', 'polisi', 'menangkapnyaibuibu', 'tangis', 'sangka', 'sembari', 'aman', 'sidik', 'dirkrimsus', 'polda', 'metro', 'jaya', 'kombes', 'ade', 'safri', 'simanjuntak', 'ya', 'tetap', 'sangka', 'ya', 'resmi', 'tahan', 'polda', 'metro', 'jaya', 'sangka', 'tahan', 'rutan', 'polda', 'metro', 'jaya', 'ade', 'safri', 'wartawan', 'selasa', 'ade', 'safri', 'sangka', 'jerat', 'pasal', 'ayat', 'juncto', 'pasal', 'ayat', 'undangundang', 'nomor', 'ubah', 'undangundang', 'nomor', 'informasi', 'transaksi', 'elektronik', 'danatau', 'pasal', 'ayat', 'juncto', 'pasal', 'undangundang', 'nomor', 'pornografi', 'bunyi', 'pasal', 'undangundang', 'ite', 'orang', 'sengaja', 'hak', 'siar', 'tunjuk', 'distribusi', 'transmisi', 'danatau', 'akses', 'informasi', 'elektronik', 'danatau', 'dokumen', 'elektronik', 'milik', 'muat', 'langgar', 'susila', 'umumbunyi', 'pasal', 'undangundang', 'ite', 'orang', 'penuh', 'unsur', 'pasal', 'ayat', 'ayat', 'ayat', 'ayat', 'pidana', 'pidana', 'penjara', 'danatau', 'denda', 'rp', 'miliar', 'rupiahbunyi', 'pasal', 'undangundang', 'pornografi', 'orang', 'larang', 'produksi', 'banyak', 'ganda', 'menyebarluaskan', 'siar', 'impor', 'ekspor', 'tawar', 'memperjualbelikan', 'sewa', 'sedia', 'pornografi', 'eksplisit', 'muat', 'a', 'persenggamaan', 'persenggamaan', 'simpang', 'b', 'keras', 'seksual', 'c', 'masturbasi', 'onani', 'd', 'telanjang', 'tampil', 'kesan', 'telanjang', 'e', 'alat', 'kelamin', 'atauf', 'pornografi', 'anak', 'orang', 'larang', 'sedia', 'jasa', 'pornografi', 'a', 'saji', 'eksplisit', 'telanjang', 'tampil', 'kesan', 'telanjang', 'b', 'saji', 'eksplisit', 'alat', 'kelamin', 'c', 'eksploitasi', 'pamer', 'aktivitas', 'seksual', 'd', 'tawar', 'iklan', 'langsung', 'langsung', 'layan', 'seksualbunyi', 'pasal', 'undangundang', 'pornografisetiap', 'orang', 'produksi', 'banyak', 'ganda', 'menyebarluaskan', 'siar', 'impor', 'ekspor', 'tawar', 'memperjualbelikan', 'sewa', 'sedia', 'pornografi', 'pasal', 'ayat', 'pidana', 'pidana', 'penjara', 'singkat', 'enam', 'danatau', 'pidana', 'denda', 'rp', 'rp']",orang asing,4
"['tega', 'bima', 'pukulgigit', 'anak', 'gegara', 'kesal', 'istri', 'tim', 'puma', 'ii', 'polres', 'bima', 'kota', 'nusa', 'tenggara', 'barat', 'ntb', 'tangkap', 'mm', 'alias', 'an', 'pria', 'usia', 'ciduk', 'melakkukan', 'keras', 'anak', 'kandung', 'mm', 'tega', 'gigit', 'pukul', 'anak', 'kesal', 'istri', 'tangkap', 'duga', 'keras', 'anak', 'jabat', 'ps', 'kasubseksi', 'pidm', 'polres', 'bima', 'kota', 'aipda', 'nasrun', 'sabtu', 'nasrun', 'polisi', 'tangkap', 'mm', 'salah', 'kamar', 'kos', 'lurah', 'rabangodu', 'camat', 'raba', 'kota', 'bima', 'wita', 'jumat', 'polisi', 'terima', 'lapor', 'iis', 'tania', 'korban', 'istri', 'laku', 'tangkap', 'laku', 'aman', 'polres', 'bima', 'kota', 'interogasi', 'hasil', 'interogasi', 'nasrun', 'lanjut', 'laku', 'aku', 'buat', 'keras', 'anak', 'sesuai', 'aku', 'mm', 'keras', 'fisik', 'anak', 'kandung', 'pukul', 'ulang', 'punggung', 'selang', 'gigit', 'tangan', 'belah', 'kiri', 'anak', 'motif', 'duga', 'laku', 'kesal', 'istri', 'kandung', 'korban', 'pungkas', 'nasrun']",keluarga,0
"['pria', 'bekas', 'jual', 'video', 'porno', 'anak', 'sangka', 'langsung', 'tahan', 'polda', 'metro', 'jaya', 'tangkap', 'pria', 'inisial', 'dy', 'lantar', 'duga', 'libat', 'jual', 'beli', 'video', 'porno', 'anak', 'umur', 'aplikasi', 'x', 'telegram', 'dy', 'tetap', 'sangka', 'sangka', 'pasal', 'ayat', 'jo', 'pasal', 'ayat', 'undangundang', 'no', 'ubah', 'uu', 'ite', 'danatau', 'pasal', 'ayat', 'jo', 'pasal', 'undangundang', 'nomor', 'pornografi', 'dirkrimsus', 'polda', 'metro', 'jaya', 'kombes', 'ade', 'safri', 'simanjuntak', 'wartawan', 'kamis', 'ade', 'safri', 'dy', 'langsung', 'tahan', 'polisi', 'rangkai', 'lidi', 'kait', 'sangka', 'tahan', 'rutan', 'polda', 'metro', 'jaya', 'dirkrimsus', 'polda', 'metro', 'jaya', 'kombes', 'ade', 'safri', 'simanjuntak', 'ungkap', 'polisi', 'patroli', 'siber', 'polisi', 'temu', 'akun', 'x', 'bn', 'promosi', 'link', 'telegram', 'risi', 'konten', 'asusila', 'anak', 'umur', 'link', 'hubung', 'akun', 'telegram', 'jual', 'konten', 'video', 'muat', 'asusila', 'anak', 'umur', 'hasil', 'lidi', 'konten', 'video', 'porno', 'akun', 'kelola', 'sangka', 'beli', 'harus', 'bayar', 'rp', 'ribu', 'video', 'porno', 'dapat', 'fakta', 'konten', 'video', 'kait', 'asusila', 'calon', 'beli', 'langgan', 'arah', 'transfer', 'uang', 'rp', 'ribu', 'akun', 'ewallet', 'rp', 'ribu', 'nomor', 'rekening', 'nama', 'dy']",orang asing,4
"['honorer', 'damkar', 'viral', 'cabul', 'anak', 'kandung', 'tangkap', 'viral', 'tenaga', 'honorer', 'madam', 'bakar', 'jakarta', 'timur', 'jaktim', 'duga', 'cabul', 'anak', 'kandung', 'aksi', 'pria', 'ungkap', 'korban', 'mantan', 'istri', 'media', 'sosial', 'duga', 'laku', 'inisial', 'sn', 'tangkap', 'korban', 'terima', 'kasih', 'dukung', 'hadap', 'terima', 'kasih', 'dukung', 'anak', 'titik', 'korban', 'polda', 'metro', 'jaya', 'selasa', 'khusus', 'korban', 'terima', 'kasih', 'polisi', 'tangan', 'lapor', 'terima', 'kasih', 'temanteman', 'bantu', 'anak', 'alhamdulillah', 'tangkap', 'ya', 'ucapin', 'terima', 'kasih', 'ade', 'ary', 'kabid', 'humas', 'polda', 'metro', 'jaya', 'rekanrekan', 'polisi', 'udah', 'bantu', 'imbuh', 'korban', 'lapor', 'polda', 'metro', 'jaya', 'februari', 'aksi', 'bejat', 'sn', 'duga', 'kawasan', 'cipayung', 'jaktim', 'tangkap', 'sn', 'langsung', 'tetap', 'sangka', 'cabul', 'anak', 'kandung', 'tangkap', 'sangka', 'proses', 'gelar', 'perkara', 'tetap', 'sangka', 'dasar', 'bukti', 'kombes', 'ade', 'selasa', 'sn', 'tangkap', 'rumah', 'daerah', 'cilangkap', 'jakarta', 'timur', 'wib', 'tangkap', 'sn', 'kooperatif', 'langsung', 'bawa', 'polda', 'metro', 'jayausai', 'tangkap', 'sn', 'jani', 'periksa', 'periksa', 'sehat', 'sangka', 'periksa', 'sidik', 'buat', 'sn', 'jerat', 'pasal', 'juncto', 'pasal', 'e', 'undangundang', 'nomor', 'lindung', 'anak']",keluarga,0
"['polisi', 'selidik', 'viral', 'ayah', 'banting', 'anak', 'kota', 'probolinggo', 'polisi', 'selidik', 'duga', 'aniaya', 'anak', 'ayah', 'pinggir', 'jalan', 'raya', 'kota', 'probolinggo', 'jadi', 'kamis', 'malam', 'cuat', 'video', 'viralkasat', 'reskrim', 'polres', 'probolinggo', 'kota', 'akp', 'didik', 'riyanto', 'terima', 'lapor', 'masyarakat', 'kait', 'duga', 'aniaya', 'anak', 'jalan', 'panglima', 'sudirman', 'lurah', 'jati', 'camat', 'mayang', 'kota', 'probolinggo', 'didik', 'video', 'warga', 'viral', 'lidi', 'langsung', 'menindaklanjuti', 'periksa', 'cctv', 'olah', 'tkp', 'lapor', 'kemarin', 'sore', 'lang', 'lidi', 'tkp', 'cek', 'cctv', 'didik', 'sabtu', 'didik', 'identifikasi', 'pria', 'duga', 'ayah', 'anak', 'aniaya', 'pinggir', 'jalan', 'lantar', 'minim', 'saksi', 'lokasi', 'jadi', 'warga', 'pria', 'duga', 'aniaya', 'anak', 'tunjuk', 'saksi', 'video', 'saksi', 'jarak', 'wajah', 'kenal', 'didik', 'video', 'aniaya', 'viral', 'media', 'sosial', 'video', 'aniaya', 'duga', 'ayah', 'anak', 'perempuan', 'pinggir', 'jalan', 'raya', 'video', 'durasi', 'detik', 'lelaki', 'tarik', 'anak', 'perempuan', 'motor', 'pria', 'pukul', 'berkalikali', 'anak', 'perempuan', 'pria', 'lokasi', 'perempuan', 'duga', 'istri', 'korban', 'korban', 'gendong', 'anak', 'terang', 'video', 'lokasi', 'jadi', 'pos', 'sabhara', 'polres', 'probolinggo', 'kota', 'jalan', 'panglima', 'sudirman', 'lurah', 'jati', 'camat', 'mayang', 'supriyadi', 'warga', 'aniaya', 'kamis', 'malam', 'suara', 'jerit', 'tangis', 'anak', 'perempuan', 'dengar', 'jauh', 'pasang', 'suamiistri', 'bawa', 'anak', 'anak', 'umur', 'tahun', 'henti', 'pos', 'sabhara', 'polres', 'probolinggo', 'kota', 'kondisi', 'si', 'anak', 'menang', 'supriyadi', 'jumat']",keluarga,0
"['keras', 'anak', 'sukabumi', 'mayoritas', 'bullying', 'keras', 'anak', 'kota', 'sukabumi', 'dominasi', 'bullying', 'keras', 'anak', 'kurun', 'januarioktober', 'bullying', 'keras', 'anak', 'kurun', 'kepala', 'bidang', 'daya', 'perempuan', 'lindung', 'anak', 'pa', 'dinas', 'kendali', 'duduk', 'keluarga', 'rencana', 'daya', 'perempuan', 'lindung', 'anak', 'dalduk', 'kbpa', 'kota', 'sukabumi', 'ineu', 'nuraeni', 'senin', 'perinci', 'keras', 'seksual', 'bullying', 'ketidaksiapan', 'pasuk', 'sekolah', 'tingkat', 'sd', 'ineu', 'tangan', 'unit', 'laksana', 'teknis', 'daerah', 'uptd', 'lindung', 'perempuan', 'anak', 'ppa', 'analisis', 'keras', 'anak', 'anak', 'orang', 'dewasa', 'anak', 'ineu', 'cegah', 'keras', 'anak', 'gelar', 'latih', 'tangan', 'keras', 'anak', 'lingkung', 'satu', 'didik', 'dasar', 'hotel', 'horison', 'senin', 'maksud', 'giat', 'harap', 'tingkat', 'mampu', 'tenaga', 'pendidik', 'dal', 'tangan', 'keras', 'langkah', 'integrasi', 'libat', 'keras', 'anak', 'turun', 'serta', 'giat', 'kepala', 'sekolah', 'tingakat', 'sd', 'sd', 'bagi', 'termin', 'diamelalui', 'forum', 'turun', 'keras', 'anak', 'jabat', 'pj', 'wali', 'kota', 'sukabumi', 'kusmana', 'hartadji', 'buka', 'giat', 'latih', 'terkadang', 'keras', 'anak', 'anggap', 'sepele', 'pukul', 'hukum', 'tindak', 'sifat', 'langsung', 'keras', 'anak', 'tekan', 'contoh', 'guru', 'kerja', 'rumah', 'beban', 'anak', 'milik', 'mentor', 'kusmana', 'tangan', 'cegah', 'keras', 'bas', 'hukum', 'bas', 'keluarga', 'aniaya', 'keroyok', 'rundung', 'tekan', 'teliti', 'kusmana', 'karakter', 'anak', 'persen', 'keluarga', 'persen', 'lingkung', 'guru', 'tenaga', 'pendidik', 'keluarga']",teman,3
"['remaja', 'samarinda', 'kaltim', 'cabul', 'adik', 'lakilaki', 'mandi', 'tangkap', 'remaja', 'inisial', 'mr', 'samarinda', 'kalimantan', 'timur', 'kaltim', 'tangkap', 'polisi', 'akibat', 'cabul', 'adik', 'lakilakinya', 'mandi', 'korban', 'usia', 'saudara', 'ayah', 'laku', 'alias', 'beda', 'lapor', 'korban', 'cari', 'laku', 'media', 'sosial', 'facebook', 'aku', 'anak', 'usia', 'korban', 'cabul', 'kakak', 'ketua', 'trc', 'ppa', 'kaltim', 'rina', 'zainun', 'detikcom', 'rabu', 'rina', 'sebut', 'cabul', 'november', 'laku', 'ajak', 'adik', 'tonton', 'video', 'porno', 'korban', 'cabul', 'tonton', 'video', 'porno', 'mana', 'isi', 'video', 'hubung', 'lakilaki', 'rina', 'ungkap', 'orang', 'tua', 'korban', 'curiga', 'kondisi', 'anak', 'takut', 'laku', 'laku', 'lari', 'rumah', 'lantar', 'curi', 'rumah', 'baru', 'korban', 'cerita', 'aksi', 'bejat', 'laku', 'korban', 'cerita', 'mandi', 'kakak', 'cabul', 'jadi', 'orangtua', 'korban', 'damping', 'trc', 'ppa', 'kaltim', 'lapor', 'polsek', 'sungai', 'kunjung', 'jumat', 'korban', 'jalan', 'awat', 'rumah', 'sakit', 'akibat', 'alami', 'trauma', 'kapolresta', 'samarinda', 'kombes', 'ary', 'fadli', 'ringkus', 'laku', 'laku', 'periksa', 'intensif', 'tangan', 'proses', 'periksa', 'intensif', 'laku', 'duga', 'milik', 'lain', 'seksual', 'tutup']",keluarga,0
"['lansia', 'jembrana', 'tuntut', 'penjara', 'tubuh', 'anak', 'pria', 'usia', 'lansia', 'inisial', 'hs', 'alias', 'de', 'kabupaten', 'jembrana', 'bal', 'tuntut', 'penjara', 'lansia', 'usia', 'tuntut', 'penjara', 'tubuh', 'anak', 'sidang', 'adil', 'negeri', 'pn', 'jembrana', 'sidang', 'laksana', 'dakwa', 'tuntut', 'pidana', 'penjara', 'kepala', 'seksi', 'tindak', 'pidana', 'kasi', 'pidum', 'jaksa', 'negeri', 'kejar', 'jembrana', 'delfi', 'trimariono', 'detikbali', 'kamis', 'jaksa', 'tuntut', 'jpu', 'nilai', 'de', 'bukti', 'perkosa', 'anak', 'umur', 'sah', 'langgar', 'pasal', 'undangundang', 'nomor', 'lindung', 'anak', 'korban', 'anak', 'usia', 'ungkap', 'korban', 'keluh', 'sakit', 'malu', 'ibu', 'korban', 'sakit', 'sebab', 'buat', 'kakek', 'tinggal', 'buat', 'dakwa', 'salah', 'desa', 'camat', 'melaya', 'siang', 'korban', 'main', 'dakwa', 'anggap', 'kakek', 'ajak', 'kebun', 'rayu', 'es', 'krim', 'rudapaksa', 'sidang', 'hadir', 'dakwa', 'nasehat', 'hukum', 'posbakum', 'pn', 'negara', 'i', 'nyoman', 'arya', 'merta', 'majelis', 'hakim', 'putus', 'sidang']",orang asing,4
"['laku', 'bejat', 'pemuda', 'jual', 'video', 'porno', 'anak', 'raup', 'duit', 'juta', 'pemuda', 'inisial', 'mafa', 'tangkap', 'polisi', 'jual', 'video', 'porno', 'anak', 'sangka', 'raup', 'duit', 'juta', 'hasil', 'jual', 'video', 'porno', 'anak', 'bongkar', 'subdit', 'siber', 'ditreskrimsus', 'polda', 'metro', 'jaya', 'patroli', 'siber', 'temu', 'praktik', 'jualbeli', 'video', 'porno', 'anak', 'platform', 'media', 'sosialpolisi', 'lidi', 'tangkap', 'mafa', 'coblong', 'bandung', 'jawa', 'barat', 'jumat', 'mafa', 'admin', 'grup', 'telegram', 'nama', 'deflamingo', 'collection', 'grup', 'telegram', 'memperjualbelikan', 'video', 'porno', 'anak', 'dewasa', 'ukur', 'file', 'grup', 'milik', 'puluh', 'ribu', 'member', 'simak', 'rangkum', 'berikutdirkrimsus', 'polda', 'metro', 'jaya', 'kombes', 'ade', 'safri', 'simanjuntak', 'sangka', 'promosi', 'konten', 'video', 'porno', 'aplikasi', 'x', 'tawar', 'beli', 'paket', 'arah', 'gabung', 'aplikasi', 'telegram', 'akun', 'x', 'sangka', 'memposting', 'preview', 'gambar', 'video', 'porno', 'iklan', 'pasang', 'link', 'arah', 'calon', 'beli', 'akun', 'telegram', 'milik', 'sangka', 'username', 'deflamingo', 'collection', 'ade', 'safri', 'wartawan', 'selasa', 'total', 'koleksi', 'pornografi', 'dewasa', 'anak', 'tawar', 'sangka', 'beli', 'bayar', 'rp', 'ribu', 'langgan', 'bulan', 'rp', 'ribu', 'ecer', 'gabung', 'total', 'ribu', 'orang', 'ikut', 'channel', 'telegram', 'pornografi', 'polisi', 'ungkap', 'siasat', 'bejat', 'mafa', 'promosi', 'video', 'porno', 'anak', 'tawar', 'video', 'porno', 'paket', 'ecer', 'membawabawa', 'promo', 'ramadhan', 'sangka', 'kirim', 'member', 'beli', 'harga', 'rp', 'ribu', 'paket', 'ecer', 'rp', 'ribu', 'paket', 'bulan', 'dirkrimsus', 'polda', 'metro', 'jaya', 'kombes', 'ade', 'safri', 'simanjuntak', 'wartawan', 'selasa', 'cakap', 'via', 'telegram', 'sangka', 'tawar', 'konten', 'video', 'porno', 'anak', 'dewasa', 'ukur', 'file', 'sangka', 'membuaat', 'promo', 'ramadhan', 'promosi', 'video', 'porno', 'tangkap', 'layar', 'cakap', 'grup', 'telegram', 'sita', 'polisi', 'cakap', 'sangka', 'tulis', 'promo', 'ramadah', 'habis', 'ya', 'mafa', 'aksi', 'agustus', 'raup', 'untung', 'juta', 'rupiah', 'bulannyatersangka', 'kelola', 'grup', 'telegram', 'tawar', 'jual', 'transmisi', 'sebar', 'konten', 'file', 'muat', 'asusila', 'pornografi', 'anak', 'agustus', 'dirkrimsus', 'polda', 'metro', 'jaya', 'kombes', 'ade', 'safri', 'simanjuntak', 'wartawan', 'selasa', 'member', 'harus', 'bayar', 'uang', 'gabung', 'grup', 'telegram', 'kelola', 'mafa', 'bisnis', 'haram', 'mafa', 'untung', 'rp', 'juta', 'sebulanomzet', 'bulan', 'rp', 'juta', 'imbuh']",orang asing,4
"['lakban', 'makan', 'anak', 'milik', 'daycare', 'sangka', 'winda', 'febriana', 'pengasuh', 'milik', 'daycare', 'pekanbaru', 'jerat', 'hukum', 'sangka', 'aniaya', 'anak', 'diasuhnyadikutip', 'detiksumut', 'pekanbaru', 'riau', 'nama', 'aya', 'sofia', 'lapor', 'milik', 'pengasuh', 'daycare', 'polisi', 'lapor', 'layang', 'terima', 'lihat', 'anak', 'dilakban', 'makan', 'aya', 'aku', 'timpa', 'sang', 'anak', 'ungkap', 'mei', 'salah', 'pengasuh', 'nomor', 'telephone', 'milik', 'suami', 'jemput', 'anakakhir', 'mei', 'salah', 'pengasuh', 'daycare', 'kontak', 'suami', 'jemput', 'anak', 'daycare', 'cerita', 'aya', 'nomor', 'telephone', 'salah', 'pengasuh', 'hubung', 'kabar', 'kondisi', 'anak', 'daycare', 'aya', 'aku', 'kaget', 'lapor', 'pengasuh', 'tega', 'laku', 'buktibukti', 'video', 'foto', 'anak', 'ikat', 'baby', 'chair', 'anak', 'kasih', 'makan', 'salah', 'pengasuh', 'inisiatif', 'makan', 'anak', 'diamdiam', 'snack', 'aya', 'bekal', 'sita', 'alas', 'bayar', 'katering', 'buang', 'air', 'bab', 'snack', 'anak', 'bekal', 'pagi', 'sita', 'anak', 'pengasuh', 'anak', 'kasi', 'makan', 'bilang', 'bayar', 'katering', 'makan', 'anak', 'kasi', 'makan', 'bab', 'repot', 'aya', 'periksa', 'polisi', 'tetap', 'winda', 'sangka', 'identitas', 'sangka', 'wf', 'milik', 'pengasuh', 'daycare', 'kasat', 'reskrim', 'polresta', 'pekanbaru', 'kompol', 'berry', 'juana', 'kamis', 'berry', 'tetap', 'sangka', 'polisi', 'periksa', 'saksi', 'alat', 'bukti', 'video', 'duga', 'aniaya', 'titip', 'anak', 'saksisaksi', 'periksa', 'tetap', 'sangka', 'wf', 'kemarin', 'buktibukti', 'periksa', 'video', 'foto', 'terang', 'mantan', 'pegawai', 'berry']",pengasuh,1
